"","Sample","Well","Plate","Plate_Well","Tube Name:","Sample ID:","All Events","include Events","Sym-FSC Events","Sym-SSC Events","All Events  Events/μL(V)","include Events/μL(V)","Sym-FSC Events/μL(V)...11","Sym-SSC Events/μL(V)...12","Notes.x","Run Volume","Run Speed (uL/min)","Run Time (seconds)","starting time gate (seconds)","run time for data collection (seconds)","volume for data collection (uL)","events/event*ul-1","include events/events*uL-1","symFSC events/symFSC events*uL-1","Sym-FSC Events/μL(V)_corrected","Sym-FSC Events/μL(V)...24","symFSC_diff_percentage","Sym-SSC Events/μL(V)_corrected","Sym-SSC Events/μL(V)...27","symSSC_diff_percentage","Length","Width","Height","Shape","Vol","SA","Notes.y","Aquaria","Timepoint_Heat","Genotype","Timepoint","Heat","Aquaria_Timepoint_Heat","Outlier","Outlier1","Collection_Bleaching_Level","Collection_Bleaching_Level1","Species","sym.con","events","sym.total","sym.SA","log10.sym.SA"
"1","PC_BL1_T0C_A","A1",2,"02-Well-A1","02-Well-A1",NA,3369,1409,251,206,22.46,20.82,1.67,1.37,NA,150,30,300,10,290,145,150,"67.6753122","150.2994012",1.731034483,1.67,"1.036547594",1.420689655,1.37,"0.964320388",NA,0.8,1.9,"cylinder",11,11.56106097,NA,"BL1","T0C","A","T0","C","BL1_T0C",NA,NA,"BL","BL","Acropora pulchra",1.731034483,251,19041.379313,1647.02697809577,3.21670071291727
"2","PC_BL1_T0C_B","A2",2,"02-Well-A2","02-Well-A2",NA,13698,6394,2424,1937,91.32,94.5,16.16,12.91,NA,150,30,300,10,290,145,150,"67.66137566","150",16.71724138,16.16,"1.034482759",13.35862069,12.91,"0.96641714",NA,0.9,2.5,"cylinder",10,16.68185699,"epiphytic algae. maybe","BL1","T0C","B","T0","C","BL1_T0C",NA,NA,"BL","BL","Acropora pulchra",16.71724138,2424,167172.4138,10021.2113016082,4.00092021951621
"3","PC_BL1_T0C_C","A3",2,"02-Well-A3","02-Well-A3",NA,19345,9097,631,582,128.95,134.45,4.21,3.88,NA,150,30,300,10,290,145,150.0193874,"67.66084046","149.8812352",4.351724138,4.21,"1.033663691",4.013793103,3.88,"0.966666667",NA,1.4,1.8,"cylinder",10,21.99114858,NA,"BL1","T0C","C","T0","C","BL1_T0C",NA,NA,"BL","BL","Pocillopora verrucosa",4.351724138,631,43517.24138,1978.85259251884,3.29641344421145
"4","PC_BL1_T0C_D","A4",2,"02-Well-A4","02-Well-A4",NA,65006,30616,3181,2423,433.28,452.49,21.2,16.15,NA,150,30,300,10,290,145,150.0323117,"67.66116378","150.0471698",21.93793103,21.2,"1.034808068",16.71034483,16.15,"0.966467189",1,2.2,2.4,"box",10.5,17.56,"one tip overgrown with algae — avoided","BL1","T0C","D","T0","C","BL1_T0C",NA,NA,"BL","BL","Pocillopora verrucosa",21.93793103,3181,230348.275815,13117.7833607631,4.1178604542835
"5","PC_BL1_T0C_E","A5",2,"02-Well-A5","02-Well-A5",NA,76104,35731,263,219,507.33,528.09,1.75,1.46,NA,150,30,300,10,290,145,150.00887,"67.66081539","150.2857143",1.813793103,1.75,"1.036453202",1.510344828,1.46,"0.966666667",1,1.4,1.5,"BOX",10,8.6,NA,"BL1","T0C","E","T0","C","BL1_T0C",NA,NA,"BL","BL","Porites rus",1.813793103,263,18137.93103,2109.06174767442,3.32408929490388
"6","PC_BL1_T0C_F","A6",2,"02-Well-A6","02-Well-A6",NA,27142,11240,463,448,180.9,166.12,3.09,2.99,NA,150,30,300,10,290,145,150.0386954,"67.66193113","149.8381877",3.193103448,3.09,"1.033366812",3.089655172,2.99,"0.967745536",NA,1.1,1.2,"cylinder",15,12.09513172,NA,"BL1","T0C","F","T0","C","BL1_T0C",NA,NA,"BL","BL","Porites rus",3.193103448,463,47896.55172,3959.98595375363,3.59769364546639
"7","PC_BL1_T7C_A","H7",2,"02-Well-H7","02-Well-H7",NA,2878,1681,39,22,23.98,18.27,0.32,0.18,NA,120,60,120,10,110,110,120.0166806,"92.00875753","121.875",0.354545455,0.32,"1.107954545",0.2,0.18,"0.9",NA,0.7,3.1,"cylinder",10,15.17389252,"dead, epiphytic algae","BL1","T7C","A","T7","C","BL1_T7C","Y",NA,"BL","BL","Acropora pulchra",0.354545455,39,3545.45455,233.65491388099,2.36857491888894
"8","PC_BL1_T7C_B","H8",2,"02-Well-H8","02-Well-H8",NA,15352,10378,2648,2405,127.85,112.79,22.05,20.03,NA,120,60,120,10,110,110,120.0782167,"92.01170317","120.0907029",24.07272727,22.05,"1.091733663",21.86363636,20.03,"0.916133056",NA,0.9,5.1,"cylinder",10,31.38451061,"epiphytic algae. Some","BL1","T7C","B","T7","C","BL1_T7C",NA,NA,"BL","BL","Acropora pulchra",24.07272727,2648,240727.2727,7670.257334626,3.88480993463129
"9","PC_BL1_T7C_C","H9",2,"02-Well-H9","02-Well-H9",NA,46530,33953,6211,5739,387.71,369.27,51.75,47.82,NA,120,60,120,10,110,110,120.0123804,"91.94627238","120.0193237",56.46363636,51.75,"1.091084761",52.17272727,47.82,"0.916570831",NA,1.6,3.6,"dome",12,19.80230356,NA,"BL1","T7C","C","T7","C","BL1_T7C",NA,NA,"BL","BL","Pocillopora verrucosa",56.46363636,6211,677563.63632,34216.4048877958,4.5342343763502
"10","PC_BL1_T7C_D","H10",2,"02-Well-H10","02-Well-H10",NA,136009,97394,17677,16311,1133.31,1059.27,147.3,135.91,NA,120,60,120,10,110,110,120.010412,"91.94445231","120.0067889",160.7,147.3,"1.090970808",148.2818182,135.91,"0.916565508",0.9,1.8,2,"box-y triangle",10,3.604086692,NA,"BL1","T7C","D","T7","C","BL1_T7C",NA,NA,"BL","BL","Pocillopora verrucosa",160.7,17677,1607000,445882.726285986,5.64922064789572
"11","PC_BL1_T7C_E","H11",2,"02-Well-H11","02-Well-H11",NA,105779,68732,471,397,881.48,747.61,3.92,3.31,NA,120,60,120,10,110,110,120.0015882,"91.93563489","120.1530612",4.281818182,3.92,"1.092300557",3.609090909,3.31,"0.917128463",1.2,1.4,1.8,"box",11,11.04,NA,"BL1","T7C","E","T7","C","BL1_T7C",NA,NA,"BL","BL","Porites rus",4.281818182,471,47100.000002,4266.30434800725,3.63005183375416
"12","PC_BL1_T7C_F","H12",2,"02-Well-H12","02-Well-H12",NA,47514,30201,1725,1377,395.74,328.28,14.37,11.47,NA,120,60,120,10,110,110,120.0636782,"91.9976849","120.0417537",15.68181818,14.37,"1.09128867",12.51818182,11.47,"0.916267248",NA,1.4,1.7,"dome",14,9.686096192,NA,"BL1","T7C","F","T7","C","BL1_T7C",NA,NA,"BL","BL","Porites rus",15.68181818,1725,219545.45452,22666.0411137903,4.35537567219637
"13","PC_BL1_T7H_A","A1",3,"03-Well-A1","03-Well-A1",NA,3334,2055,146,103,27.77,22.34,1.22,0.86,NA,120,60,120,10,110,110,120.0576161,"91.98746643","119.6721311",1.327272727,1.22,"1.087928465",0.936363636,0.86,"0.918446602",NA,1,2.7,"cylinder",10,20.10619298,NA,"BL1","T7H","A","T7","H","BL1_T7H",NA,NA,"BL","BL","Acropora pulchra",1.327272727,146,13272.72727,660.131298013633,2.81963032392321
"14","PC_BL1_T7H_B","A2",3,"03-Well-A2","03-Well-A2",NA,803,599,100,65,6.66,6.47,0.83,0.54,NA,120,60,120,10,110,110,120.5705706,"92.58114374","120.4819277",0.909090909,0.83,"1.095290252",0.590909091,0.54,"0.913846154",NA,1,3,"cylinder",10,21.99114858,"dead, epiphytic algae","BL1","T7H","B","T7","H","BL1_T7H",NA,NA,"BL","BL","Acropora pulchra",0.909090909,100,9090.90909,413.389462443439,2.61635940199375
"15","PC_BL1_T7H_C","A3",3,"03-Well-A3","03-Well-A3",NA,11885,8749,1294,1368,98.92,95.02,10.77,11.39,NA,120,60,120,10,110,110,120.147594,"92.07535256","120.1485608",11.76363636,10.77,"1.092259644",12.43636364,11.39,"0.915862573",NA,1.2,2.7,"cylinder",10,24.88141382,NA,"BL1","T7H","C","T7","H","BL1_T7H",NA,NA,"BL","BL","Pocillopora verrucosa",11.76363636,1294,117636.3636,4727.88099788133,3.67466653669429
"16","PC_BL1_T7H_D","A4",3,"03-Well-A4","03-Well-A4",NA,2738,1763,296,214,22.78,19.14,2.46,1.78,NA,120,60,120,10,110,110,120.1931519,"92.1107628","120.3252033",2.690909091,2.46,"1.093865484",1.945454545,1.78,"0.914953271",1.5,2.2,2.8,"box",10,24.02,NA,"BL1","T7H","D","T7","H","BL1_T7H",NA,NA,"BL","BL","Pocillopora verrucosa",2.690909091,296,26909.09091,1120.27855578684,3.0493260228485
"17","PC_BL1_T7H_E","A5",3,"03-Well-A5","03-Well-A5",NA,826,640,15,10,6.87,6.94,0.12,0.08,NA,120,60,120,10,110,110,120.2328967,"92.21902017","125",0.136363636,0.12,"1.136363636",0.090909091,0.08,"0.88",1.8,1.6,0.8,"box",10,8.32,"lost most of blastate","BL1","T7H","E","T7","H","BL1_T7H","Y","Y","BL","BL","Porites rus",0.136363636,15,1363.63636,163.898600961538,2.21457524644861
"18","PC_BL1_T7H_F","A6",3,"03-Well-A6","03-Well-A6",NA,10159,6920,229,120,84.61,75.21,1.91,1,NA,120,60,120,10,110,110,120.0685498,"92.00904135","119.895288",2.081818182,1.91,"1.089957163",1.090909091,1,"0.916666667",1,1.2,3.2,"box",10,15.28,NA,"BL1","T7H","F","T7","H","BL1_T7H",NA,NA,"BL","BL","Porites rus",2.081818182,229,20818.18182,1362.44645418848,3.13431944297992
"19","PC_BL2_T0C_A","A7",2,"02-Well-A7","02-Well-A7",NA,1715,976,41,18,11.43,14.42,0.27,0.12,NA,150,30,300,10,290,145,150.0437445,"67.68377254","151.8518519",0.282758621,0.27,"1.047254151",0.124137931,0.12,"0.966666667",NA,1,1.4,"cylinder",10,11.93805208,"epiphytic algae. Some","BL2","T0C","A","T0","C","BL2_T0C","Y",NA,"BL","BL","Acropora pulchra",0.282758621,41,2827.58621,236.854906566968,2.37448238578295
"20","PC_BL2_T0C_B","A8",2,"02-Well-A8","02-Well-A8",NA,26486,12684,4647,3968,176.54,187.47,30.97,26.45,NA,150,30,300,10,290,145,150.0283222,"67.65882541","150.048434",32.04827586,30.97,"1.034816786",27.36551724,26.45,"0.966544859",NA,1.1,3.1,"cylinder",10,25.22698901,NA,"BL2","T0C","B","T0","C","BL2_T0C",NA,NA,"BL","BL","Acropora pulchra",32.04827586,4647,320482.7586,12703.9639361226,4.10393925221422
"21","PC_BL2_T0C_C","A9",2,"02-Well-A9","02-Well-A9",NA,22759,10983,1184,1029,151.72,162.32,7.89,6.86,NA,150,30,300,10,290,145,150.0065911,"67.6626417","150.0633714",8.165517241,7.89,"1.034919802",7.096551724,6.86,"0.966666667",1.2,2.6,2.5,"box-y triangle",10.5,7.683551249,NA,"BL2","T0C","C","T0","C","BL2_T0C",NA,NA,"BL","BL","Pocillopora verrucosa",8.165517241,1184,85737.9310305,11158.6333261796,4.04761100685562
"22","PC_BL2_T0C_D","A10",2,"02-Well-A10","02-Well-A10",NA,9046,4172,272,224,60.29,61.67,1.81,1.49,NA,150,30,300,10,290,145,150.0414662,"67.65039728","150.2762431",1.875862069,1.81,"1.036387883",1.544827586,1.49,"0.964508929",NA,1.2,2,"cone",10,8.792868305,NA,"BL2","T0C","D","T0","C","BL2_T0C",NA,NA,"BL","BL","Pocillopora verrucosa",1.875862069,272,18758.62069,2133.39038403806,3.32907033323686
"23","PC_BL2_T0C_E","A11",2,"02-Well-A11","02-Well-A11",NA,75925,35066,449,252,506.06,518.26,2.99,1.68,NA,150,30,300,10,290,145,150.0316168,"67.66101957","150.1672241",3.096551724,2.99,"1.035636028",1.737931034,1.68,"0.966666667",NA,3.1,1.2,"dome",10,32.37372741,NA,"BL2","T0C","E","T0","C","BL2_T0C",NA,NA,"BL","BL","Porites rus",3.096551724,449,30965.51724,956.501450939968,2.98068563315552
"24","PC_BL2_T0C_F","A12",2,"02-Well-A12","02-Well-A12",NA,80751,35379,1474,1258,538.3,522.89,9.83,8.39,NA,150,30,300,10,290,145,150.0111462,"67.66050221","149.9491353",10.16551724,9.83,"1.034131968",8.675862069,8.39,"0.967050874",1.1,1.6,2,"box",10,12.56,NA,"BL2","T0C","F","T0","C","BL2_T0C",NA,NA,"BL","BL","Porites rus",10.16551724,1474,101655.1724,8093.56468152866,3.90813984182795
"25","PC_BL2_T7C_A","A7",3,"03-Well-A7","03-Well-A7",NA,6760,4650,250,129,56.31,50.55,2.08,1.07,NA,120,60,120,10,110,110,120.0497247,"91.98813056","120.1923077",2.272727273,2.08,"1.092657343",1.172727273,1.07,"0.912403101",NA,1.1,4.6,"cylinder",10,35.59424477,"dead, epiphytic algae","BL2","T7C","A","T7","C","BL2_T7C","Y",NA,"BL","BL","Acropora pulchra",2.272727273,250,22727.27273,638.509761250934,2.80516754094949
"26","PC_BL2_T7C_B","A8",3,"03-Well-A8","03-Well-A8",NA,68103,50408,22191,20993,567.31,548.04,184.86,174.88,NA,120,60,120,10,110,110,120.0454778,"91.97868769","120.0421941",201.7363636,184.86,"1.091292674",190.8454545,174.88,"0.916343543",NA,0.9,3.4,"cone",10,9.944369021,NA,"BL2","T7C","B","T7","C","BL2_T7C",NA,NA,"BL","BL","Acropora pulchra",201.7363636,22191,2017363.636,202864.921016088,5.30720695621897
"27","PC_BL2_T7C_C","A9",3,"03-Well-A9","03-Well-A9",NA,3442,2445,471,340,28.65,26.55,3.92,2.83,NA,120,60,120,10,110,110,120.1396161,"92.09039548","120.1530612",4.281818182,3.92,"1.092300557",3.090909091,2.83,"0.915588235",NA,1.6,1.7,"dome",10,11.73459503,NA,"BL2","T7C","C","T7","C","BL2_T7C",NA,NA,"BL","BL","Pocillopora verrucosa",4.281818182,471,42818.18182,3648.88449158522,3.56216011563619
"28","PC_BL2_T7C_D","A10",3,"03-Well-A10","03-Well-A10",NA,15181,10652,1513,1216,126.45,115.8,12.6,10.13,NA,120,60,120,10,110,110,120.0553578,"91.98618307","120.0793651",13.75454545,12.6,"1.091630592",11.05454545,10.13,"0.916365132",NA,2,2.7,"square",10,5.4,NA,"BL2","T7C","D","T7","C","BL2_T7C",NA,NA,"BL","BL","Pocillopora verrucosa",13.75454545,1513,137545.4545,25471.380462963,4.40605248289847
"29","PC_BL2_T7C_F","A12",3,"03-Well-A12","03-Well-A12",NA,9507,7135,422,317,79.22,77.61,3.52,2.64,NA,120,60,120,10,110,110,120.0075738,"91.93402912","119.8863636",3.836363636,3.52,"1.089876033",2.881818182,2.64,"0.916088328",NA,1.5,2.1,"square",10,3.15,NA,"BL2","T7C","F","T7","C","BL2_T7C",NA,NA,"BL","BL","Porites rus",3.836363636,422,38363.63636,12178.9321777778,4.08560921197268
"30","PC_BL2_T7H_A","B1",3,"03-Well-B1","03-Well-B1",NA,6531,4248,767,831,54.4,46.18,6.39,6.92,"Use Sym-SSC Sym-SSC Events/μL(V)",120,60,120,10,110,110,120.0551471,"91.98787354","120.0312989",6.972727273,6.39,"1.091193626",7.554545455,6.92,"0.916004813",NA,1,2.7,"cylinder",10.5,20.10619298,NA,"BL2","T7H","A","T7","H","BL2_T7H",NA,NA,"BL","BL","Acropora pulchra",7.554545455,831,79322.7272775,3945.18879612882,3.59606779110819
"31","PC_BL2_T7H_B","B2",3,"03-Well-B2","03-Well-B2",NA,6449,4559,484,272,53.71,49.55,4.03,2.27,NA,120,60,120,10,110,110,120.0707503,"92.00807265","120.0992556",4.4,4.03,"1.091811414",2.472727273,2.27,"0.918014706",NA,1.1,3.7,"cylinder",10,29.37389131,"dead, overgrown by green epiphytic algae","BL2","T7H","B","T7","H","BL2_T7H",NA,NA,"BL","BL","Acropora pulchra",4.4,484,44000,1497.9288762133,3.17549119293528
"32","PC_BL2_T7H_D","B4",3,"03-Well-B4","03-Well-B4",NA,32930,23337,5443,4793,274.34,253.76,45.35,39.93,NA,120,60,120,10,110,110,120.033535,"91.96484868","120.0220507",49.48181818,45.35,"1.091109552",43.57272727,39.93,"0.916398915",1,2.7,3,"box-y triangle",11.5,7.22244403,NA,"BL2","T7H","D","T7","H","BL2_T7H",NA,NA,"BL","BL","Pocillopora verrucosa",49.48181818,5443,569040.90907,78787.8599967496,4.89645930451247
"33","PC_BL2_T7H_E","B5",3,"03-Well-B5","03-Well-B5",NA,34602,24322,153,169,288.17,264.35,1.27,1.41,NA,120,60,120,10,110,110,120.0749558,"92.00680915","120.4724409",1.390909091,1.27,"1.095204009",1.536363636,1.41,"0.917751479",1.1,2.5,1,"BOX",10,9.95,NA,"BL2","T7H","E","T7","H","BL2_T7H",NA,NA,"BL","BL","Porites rus",1.390909091,153,13909.09091,1397.8985839196,3.14547566494203
"34","PC_BL2_T7H_F","B6",3,"03-Well-B6","03-Well-B6",NA,4267,2043,200,267,35.53,22.2,1.67,2.22,"Use Sym-SSC Sym-SSC Events/μL(V)",120,60,120,10,110,110,120.0956938,"92.02702703","119.760479",1.818181818,1.67,"1.088731628",2.427272727,2.22,"0.914606742",1.4,2,0.8,"dome",10,13.5,NA,"BL2","T7H","F","T7","H","BL2_T7H",NA,NA,"BL","BL","Porites rus",2.427272727,267,24272.72727,1797.97979777778,3.25478480766255
"35","PC_BL3_T0C_A","B1",2,"02-Well-B1","02-Well-B1",NA,3650,1872,248,185,24.33,27.67,1.65,1.23,NA,150,30,300,10,290,145,150.0205508,"67.65449946","150.3030303",1.710344828,1.65,"1.036572623",1.275862069,1.23,"0.964054054",NA,1,2.4,"cylinder",10,18.22123739,NA,"BL3","T0C","A","T0","C","BL3_T0C",NA,NA,"BL","BL","Acropora pulchra",1.710344828,248,17103.44828,938.654599241792,2.9725058124588
"36","PC_BL3_T0C_B","B2",2,"02-Well-B2","02-Well-B2",NA,5180,2675,428,287,34.53,39.54,2.85,1.91,NA,150,30,300,10,290,145,150.0144802,"67.65300961","150.1754386",2.951724138,2.85,"1.03569268",1.979310345,1.91,"0.964982578",NA,0.8,2,"cylinder",10,12.06371579,"epiphytic algae. maybe","BL3","T0C","B","T0","C","BL3_T0C",NA,NA,"BL","BL","Acropora pulchra",2.951724138,428,29517.24138,2446.77857915617,3.38859466971893
"37","PC_BL3_T0C_C","B3",2,"02-Well-B3","02-Well-B3",NA,33428,23921,2041,1627,278.42,260.02,17,13.55,NA,120,60,120,10,110,110,120.0632138,"91.99676948","120.0588235",18.55454545,17,"1.09144385",14.79090909,13.55,"0.916103258",NA,1.7,5,"cylinder",10,62.48627788,NA,"BL3","T0C","C","T0","C","BL3_T0C",NA,NA,"BL","BL","Pocillopora verrucosa",18.55454545,2041,185545.4545,2969.37921084571,3.4726656636322
"38","PC_BL3_T0C_D","B4",2,"02-Well-B4","02-Well-B4",NA,89541,62005,7868,6869,745.9,674.13,65.54,57.22,"Use Sym-SSC Sym-SSC Events/μL(V)",120,60,120,10,110,110,120.0442419,"91.97780843","120.0488251",71.52727273,65.54,"1.091352956",62.44545455,57.22,"0.916319697",0.9,2.6,3.1,"box-y triangle",10,6.351608032,"one tip overgrown with algae — avoided","BL3","T0C","D","T0","C","BL3_T0C","Y",NA,"BL","BL","Pocillopora verrucosa",62.44545455,6869,624454.5455,98314.4020150392,4.99261714201843
"39","PC_BL3_T0C_E","B5",2,"02-Well-B5","02-Well-B5",NA,108209,71498,2602,1123,901.13,777.03,21.67,9.35,NA,120,60,120,10,110,110,120.0814533,"92.01446534","120.0738348",23.65454545,21.67,"1.091580316",10.20909091,9.35,"0.915850401",1.3,2.3,2.8,"box",10,23.15,NA,"BL3","T0C","E","T0","C","BL3_T0C",NA,NA,"BL","BL","Porites rus",23.65454545,2602,236545.4545,10217.9461987041,4.00936361162992
"40","PC_BL3_T0C_F","B6",2,"02-Well-B6","02-Well-B6",NA,72802,48200,4122,3062,606.62,524.22,34.35,25.51,NA,120,60,120,10,110,110,120.0125284,"91.94612949","120",37.47272727,34.35,"1.090909091",27.83636364,25.51,"0.916427172",NA,2,2.6,"cone",10,20.6,NA,"BL3","T0C","F","T0","C","BL3_T0C",NA,NA,"BL","BL","Porites rus",37.47272727,4122,374727.2727,18190.6443058252,4.25984808188421
"41","PC_BL3_T7C_A","B7",3,"03-Well-B7","03-Well-B7",NA,3010,2287,74,37,25.07,24.86,0.62,0.31,NA,120,60,120,10,110,110,120.0638213,"91.99517297","119.3548387",0.672727273,0.62,"1.085043988",0.336363636,0.31,"0.921621622",NA,1,2.3,"cylinder",10.5,17.59291886,NA,"BL3","T7C","A","T7","C","BL3_T7C",NA,NA,"BL","BL","Acropora pulchra",0.672727273,74,7063.6363665,401.504515692401,2.60369043412096
"42","PC_BL3_T7C_B","B8",3,"03-Well-B8","03-Well-B8",NA,2125,1572,219,104,17.69,17.08,1.82,0.87,NA,120,60,120,10,110,110,120.124364,"92.03747073","120.3296703",1.990909091,1.82,"1.093906094",0.945454545,0.87,"0.920192308",NA,0.9,2.2,"cylinder",10.5,14.98539696,NA,"BL3","T7C","B","T7","C","BL3_T7C",NA,NA,"BL","BL","Acropora pulchra",1.990909091,219,20904.5454555,1394.99444100812,3.14457247696854
"43","PC_BL3_T7C_C","B9",3,"03-Well-B9","03-Well-B9",NA,6591,4747,1633,888,54.89,51.59,13.6,7.4,NA,120,60,120,10,110,110,120.0765167,"92.01395619","120.0735294",14.84545455,13.6,"1.09157754",8.072727273,7.4,"0.916666667",1.6,1.9,2.5,"box w/ 2 missing sides",10,11.79,NA,"BL3","T7C","C","T7","C","BL3_T7C",NA,NA,"BL","BL","Pocillopora verrucosa",14.84545455,1633,148454.5455,12591.5645038168,4.10007969461633
"44","PC_BL3_T7C_D","B10",3,"03-Well-B10","03-Well-B10",NA,3593,2603,949,573,29.93,28.3,7.91,4.77,NA,120,60,120,10,110,110,120.0467758,"91.97879859","119.9747155",8.627272727,7.91,"1.090679232",5.209090909,4.77,"0.915706806",NA,1,2.4,"cylinder",10,18.22123739,"epiphytic algae. Some","BL3","T7C","D","T7","C","BL3_T7C","Y",NA,"BL","BL","Pocillopora verrucosa",8.627272727,949,86272.72727,4734.73482746827,3.67529566101783
"45","PC_BL3_T7C_E","B11",3,"03-Well-B11","03-Well-B11",NA,79966,58896,425,390,666.2,640.41,3.54,3.25,"Use Sym-SSC Sym-SSC Events/μL(V)",120,60,120,10,110,110,120.0330231,"91.96608423","120.0564972",3.863636364,3.54,"1.091422702",3.545454545,3.25,"0.916666667",NA,2.4,3.5,"square",10.5,16.8,"dead, epiphytic algae","BL3","T7C","E","T7","C","BL3_T7C","Y",NA,"BL","BL","Porites rus",3.545454545,390,37227.2727225,2215.909090625,3.34555193915667
"46","PC_BL3_T7C_F","B12",3,"03-Well-B12","03-Well-B12",NA,84851,59299,6616,5311,706.98,644.89,55.12,44.25,NA,120,60,120,10,110,110,120.0189539,"91.95211586","120.0290276",60.14545455,55.12,"1.091172978",48.28181818,44.25,"0.916494069",1.1,4.6,0.8,"square",10,14.18,NA,"BL3","T7C","F","T7","C","BL3_T7C",NA,NA,"BL","BL","Porites rus",60.14545455,6616,601454.5455,42415.6943229901,4.62752658057204
"47","PC_BL3_T7H_A","C1",3,"03-Well-C1","03-Well-C1",NA,1859,1212,4,1,15.49,13.18,0.03,0.01,NA,120,60,120,10,110,110,120.0129116,"91.95751138","133.3333333",0.036363636,0.03,"1.212121212",0.009090909,0.01,"1.1",NA,0.9,2.2,"cylinder",10,14.98539696,"dead, epiphytic algae","BL3","T7H","A","T7","H","BL3_T7H","Y",NA,"BL","BL","Acropora pulchra",0.036363636,4,363.63636,24.2660478711803,1.38499905002367
"48","PC_BL3_T7H_B","C2",3,"03-Well-C2","03-Well-C2",NA,3239,1785,26,9,26.98,23.63,0.22,0.07,NA,120,60,120,10,110,110,120.0518903,"75.53956835","118.1818182",0.236363636,0.22,"1.074380165",0.081818182,0.07,"0.855555556",NA,0.9,6.8,"dome",10,19.39421456,"dead, overgrown by green epiphytic algae","BL3","T7H","B","T7","H","BL3_T7H",NA,NA,"BL","BL","Acropora pulchra",0.236363636,26,2363.63636,121.873270644068,2.08590846620348
"49","PC_BL3_T7H_C","C3",3,"03-Well-C3","03-Well-C3",NA,1302,1069,11,2,10.83,11.34,0.09,0.02,NA,120,60,120,10,110,110,120.2216066,"94.2680776","122.2222222",0.1,0.09,"1.111111111",0.018181818,0.02,"1.1",NA,1.5,1.5,"dome",10,9.996486611,NA,"BL3","T7H","C","T7","H","BL3_T7H",NA,NA,"BL","BL","Pocillopora verrucosa",0.1,11,1000,100.035146238241,2.00015261135627
"50","PC_BL3_T7H_D","C4",3,"03-Well-C4","03-Well-C4",NA,1776,1396,29,8,14.79,15.17,0.24,0.07,NA,120,60,120,10,110,110,120.0811359,"92.02373105","120.8333333",0.263636364,0.24,"1.098484848",0.072727273,0.07,"0.9625",1,0.8,0.9,"box",10,4.04,NA,"BL3","T7H","D","T7","H","BL3_T7H",NA,NA,"BL","BL","Pocillopora verrucosa",0.263636364,29,2636.36364,652.565257425743,2.81462394822915
"51","PC_BL3_T7H_E","C6",3,"03-Well-C6","03-Well-C6",NA,90774,62649,1452,1169,756.04,680.98,12.09,9.74,NA,120,60,120,10,110,110,120.0650759,"91.99829657","120.0992556",13.2,12.09,"1.091811414",10.62727273,9.74,"0.916509837",2,2.5,1,"box",13,14,"dead, overgrown by green epiphytic algae","BL3","T7H","E","T7","H","BL3_T7H",NA,NA,"BL","BL","Porites rus",13.2,1452,171600,12257.1428571429,4.08838924783445
"52","PC_BL3_T7H_F","C7",3,"03-Well-C7","03-Well-C7",NA,183004,137591,27770,17456,1524.95,1496.53,231.4,145.46,NA,120,60,120,10,110,110,120.0065576,"91.94002125","120.008643",252.4545455,231.4,"1.090987664",158.6909091,145.46,"0.916624656",2.4,2.5,0.8,"box",12.5,13.84,NA,"BL3","T7H","F","T7","H","BL3_T7H",NA,NA,"BL","BL","Porites rus",252.4545455,27770,3155681.81875,228011.692106214,5.35795711755754
"53","PC_HE1_T0C_A","D1",2,"02-Well-D1","02-Well-D1",NA,251681,186248,53599,49153,2097.32,2025.88,446.65,409.6,NA,120,60,120,10,110,110,120.0012397,"91.93436926","120.0022389",487.2636364,446.65,"1.090929444",446.8454545,409.6,"0.916648017",NA,1,3.2,"cone",15,10.53253785,NA,"HE1","T0C","A","T0","C","HE1_T0C",NA,NA,"HE","HE","Acropora pulchra",487.2636364,53599,7308954.546,693940.496591712,5.84132223254451
"54","PC_HE1_T0C_B","D2",2,"02-Well-D2","02-Well-D2",NA,183746,137456,55172,52037,1531.21,1495.16,459.76,433.64,NA,120,60,120,10,110,110,120.0005225,"91.93397362","120.00174",501.5636364,459.76,"1.090924909",473.0636364,433.64,"0.916663144",NA,1.4,2.8,"cone",10,13.76863687,NA,"HE1","T0C","B","T0","C","HE1_T0C",NA,NA,"HE","HE","Acropora pulchra",501.5636364,55172,5015636.364,364279.805717616,5.56143509628036
"55","PC_HE1_T0C_C","D3",2,"02-Well-D3","02-Well-D3",NA,666863,478047,52795,48723,5556.22,5198.75,439.88,405.95,"Use Sym-SSC Sym-SSC Events/μL(V)",120,60,120,10,110,110,120.0209855,"91.95421976","120.0213695",479.9545455,439.88,"1.091103359",442.9363636,405.95,"0.916497342",2.3,2.8,3,"box",10,37.04,"Lost ~2.5ml","HE1","T0C","C","T0","C","HE1_T0C",NA,NA,"HE","HE","Pocillopora verrucosa",442.9363636,48723,4429363.636,119583.251511879,5.07767035786878
"56","PC_HE1_T0C_D","D4",2,"02-Well-D4","02-Well-D4",NA,337281,238281,32879,29568,2810.1,2591.2,273.94,246.35,"Use Sym-SSC Sym-SSC Events/μL(V)",120,60,120,10,110,110,120.0245543,"91.95778018","120.0226327",298.9,273.94,"1.091114843",268.8,246.35,"0.916480655",1.5,2.2,3.2,"box",15,26.98,NA,"HE1","T0C","D","T0","C","HE1_T0C",NA,NA,"HE","HE","Pocillopora verrucosa",268.8,29568,4032000,149444.032616753,5.17447857810158
"57","PC_HE1_T0C_E","D5",2,"02-Well-D5","02-Well-D5",NA,120760,78665,2307,1595,1006.32,855.66,19.22,13.29,NA,120,60,120,10,110,110,120.00159,"91.93488068","120.0312175",20.97272727,19.22,"1.091192886",14.5,13.29,"0.916551724",1.8,1.2,2.8,"Box",15,18.96,"lost some blastate","HE1","T0C","E","T0","C","HE1_T0C",NA,NA,"HE","HE","Porites rus",20.97272727,2307,314590.90905,16592.3475237342,4.21990783536003
"58","PC_HE1_T0C_F","D6",2,"02-Well-D6","02-Well-D6",NA,243157,166839,6393,5087,2025.71,1814.09,53.26,42.38,NA,120,60,120,10,110,110,120.0354444,"91.96842494","120.0337965",58.11818182,53.26,"1.091216332",46.24545455,42.38,"0.91641439",3.5,4.1,3.8,"box with no lid or bottom",15,57.76,NA,"HE1","T0C","F","T0","C","HE1_T0C",NA,NA,"HE","HE","Porites rus",58.11818182,6393,871772.7273,15093.0181319252,4.17877609378332
"59","PC_HE1_T7C_A","C8",3,"03-Well-C8","03-Well-C8",NA,192895,142147,35260,34082,1607,1545.62,293.75,283.94,NA,120,60,120,10,110,110,120.0342253,"91.96762464","120.0340426",320.5454545,293.75,"1.091218569",309.8363636,283.94,"0.916419224",NA,0.7,2.8,"cylinder",10,13.8544236,NA,"HE1","T7C","A","T7","C","HE1_T7C",NA,NA,"HE","HE","Acropora pulchra",320.5454545,35260,3205454.545,231366.864298851,5.36430116065459
"60","PC_HE1_T7C_B","C9",3,"03-Well-C9","03-Well-C9",NA,437592,332458,57333,59586,3646.29,3615.89,477.73,496.51,"Use Sym-SSC Sym-SSC Events/μL(V)",120,60,120,10,110,110,120.0102022,"91.94361554","120.0113035",521.2090909,477.73,"1.09101185",541.6909091,496.51,"0.916592824",NA,0.9,4.7,"cylinder",10,29.1225639,"lost some blastate","HE1","T7C","B","T7","C","HE1_T7C","Y","Y","HE","HE","Acropora pulchra",541.6909091,59586,5416909.091,186003.852875055,5.26952194026655
"61","PC_HE1_T7C_C","C10",3,"03-Well-C10","03-Well-C10",NA,274759,202626,53799,49163,2288.68,2202.82,448.13,409.52,NA,120,60,120,10,110,110,120.0512959,"91.98481946","120.052217",489.0818182,448.13,"1.091383791",446.9363636,409.52,"0.91628257",2.3,1.3,2.4,"box",10,20.27,NA,"HE1","T7C","C","T7","C","HE1_T7C",NA,NA,"HE","HE","Pocillopora verrucosa",489.0818182,53799,4890818.182,241283.580759743,5.38252776936814
"62","PC_HE1_T7C_D","C11",3,"03-Well-C11","03-Well-C11",NA,284958,144016,4709,4152,2374.43,2038.32,39.24,34.6,NA,120,60,120,10,110,110,120.0111185,"70.6542643","120.0050968",42.80909091,39.24,"1.090955426",37.74545455,34.6,"0.916666667",1.4,1.8,3.5,"box",15,24.92,NA,"HE1","T7C","D","T7","C","HE1_T7C",NA,NA,"HE","HE","Pocillopora verrucosa",42.80909091,4709,642136.36365,25767.9118639647,4.41107922636227
"63","PC_HE1_T7C_E","C12",3,"03-Well-C12","03-Well-C12",NA,252438,126245,4298,3887,2103.32,1865.85,35.81,32.39,NA,120,60,120,10,110,110,120.0188274,"67.66085162","120.0223401",39.07272727,35.81,"1.091112183",35.33636364,32.39,"0.916619501",NA,1.3,2.3,"cylinder",10.5,24.09601565,"lost some blastate","HE1","T7C","E","T7","C","HE1_T7C","Y","Y","HE","HE","Porites rus",39.07272727,4298,410263.636335,17026.2022690461,4.23111778844839
"64","PC_HE1_T7C_F","D1",3,"03-Well-D1","03-Well-D1",NA,6686,1724,140,78,55.65,18.35,1.17,0.65,NA,120,60,120,10,110,110,120.1437556,"93.95095368","119.6581197",1.272727273,1.17,"1.087801088",0.709090909,0.65,"0.916666667",1.1,1.3,3.1,"box",10,16.31,NA,"HE1","T7C","F","T7","C","HE1_T7C",NA,NA,"HE","HE","Porites rus",1.272727273,140,12727.27273,780.335544451257,2.8922813895728
"65","PC_HE1_T7H_A","D2",3,"03-Well-D2","03-Well-D2",NA,3707,770,164,135,30.89,29.66,1.37,1.12,NA,120,60,120,10,110,110,120.0064746,"25.96089009","119.7080292",1.490909091,1.37,"1.088254811",1.227272727,1.12,"0.912592593",NA,1,8,"cone",10,25.32832971,"epiphytic algae. Some","HE1","T7H","A","T7","H","HE1_T7H",NA,NA,"HE","HE","Acropora pulchra",1.490909091,164,14909.09091,588.633008204788,2.76984461195873
"66","PC_HE1_T7H_B","D3",3,"03-Well-D3","03-Well-D3",NA,13122,9100,850,559,109.27,108.55,7.08,4.66,NA,120,60,120,10,110,110,120.0878558,"83.83233533","120.0564972",7.727272727,7.08,"1.091422702",5.081818182,4.66,"0.916994633",NA,1,4,"cylinder",10,28.27433388,NA,"HE1","T7H","B","T7","H","HE1_T7H",NA,NA,"HE","HE","Acropora pulchra",7.727272727,850,77272.72727,2732.96366938141,3.43663385844273
"67","PC_HE1_T7H_C","D4",3,"03-Well-D4","03-Well-D4",NA,4524,3383,335,228,37.69,36.62,2.79,1.9,NA,120,60,120,10,110,110,120.0318387,"92.38121245","120.0716846",3.045454545,2.79,"1.091560769",2.072727273,1.9,"0.916666667",NA,1.8,1.4,"dome",10,12.89508026,NA,"HE1","T7H","C","T7","H","HE1_T7H",NA,NA,"HE","HE","Pocillopora verrucosa",3.045454545,335,30454.54545,2361.71817747182,3.37322807224821
"68","PC_HE1_T7H_D","D5",3,"03-Well-D5","03-Well-D5",NA,4537,3044,64,44,37.79,33.09,0.53,0.37,NA,120,60,120,10,110,110,120.0582165,"91.99153823","120.754717",0.581818182,0.53,"1.097770154",0.4,0.37,"0.925",2.6,1.6,2.6,"box",10,26,"epiphytic algae. Some","HE1","T7H","D","T7","H","HE1_T7H","Y",NA,"HE","HE","Pocillopora verrucosa",0.581818182,64,5818.18182,223.776223846154,2.34981394099056
"69","PC_HE1_T7H_E","D6",3,"03-Well-D6","03-Well-D6",NA,28148,6398,521,411,234.52,220.18,4.34,3.42,NA,120,60,120,10,110,110,120.0238786,"29.05804342","120.0460829",4.736363636,4.34,"1.091328027",3.736363636,3.42,"0.915328467",0.9,1.7,2.7,"box",15,15.57,NA,"HE1","T7H","E","T7","H","HE1_T7H",NA,NA,"HE","HE","Porites rus",4.736363636,521,71045.45454,4562.97074759152,3.65924768459552
"70","PC_HE1_T7H_F","D7",3,"03-Well-D7","03-Well-D7",NA,151344,118547,32886,32003,1260.3,1253.04,273.85,266.5,NA,120,60,120,10,110,110,120.0856939,"94.60751452","120.0876392",298.9636364,273.85,"1.091705811",290.9363636,266.5,"0.916007874",NA,2,2.1,"dome",10,18.2,NA,"HE1","T7H","F","T7","H","HE1_T7H",NA,NA,"HE","HE","Porites rus",298.9636364,32886,2989636.364,164265.734285714,5.21554697936537
"71","PC_HE2_T0C_A","D7",2,"02-Well-D7","02-Well-D7",NA,132502,99046,31647,28709,1103.56,1076.57,263.58,239.11,NA,120,60,120,10,110,110,120.0677806,"92.00144905","120.0660141",287.7,263.58,"1.091509219",260.9909091,239.11,"0.916162179",NA,1.2,2.4,"cylinder",10,22.61946711,NA,"HE2","T0C","A","T0","C","HE2_T0C",NA,NA,"HE","HE","Acropora pulchra",287.7,31647,2877000,127191.325330918,5.10445749268518
"72","PC_HE2_T0C_B","D8",2,"02-Well-D8","02-Well-D8",NA,213720,160039,45554,42496,1780.5,1740.18,379.51,354.03,NA,120,60,120,10,110,110,120.0336984,"91.96692296","120.0337277",414.1272727,379.51,"1.091215706",386.3272727,354.03,"0.916399191",NA,0.9,1.8,"cylinder",10,12.72345025,NA,"HE2","T0C","B","T0","C","HE2_T0C",NA,NA,"HE","HE","Acropora pulchra",414.1272727,45554,4141272.727,325483.469155703,5.51252893626283
"73","PC_HE2_T0C_C","D9",2,"02-Well-D9","02-Well-D9",NA,738131,517326,77770,68987,6148.9,5624.58,647.85,574.69,"Use Sym-SSC Sym-SSC Events/μL(V)",120,60,120,10,110,110,120.0427719,"91.9759342","120.0432199",707,647.85,"1.091301999",627.1545455,574.69,"0.916345108",1.4,3.1,3.6,"box",10,36.74,NA,"HE2","T0C","C","T0","C","HE2_T0C",NA,NA,"HE","HE","Pocillopora verrucosa",627.1545455,68987,6271545.455,170700.747278171,5.23223542233369
"74","PC_HE2_T0C_D","D10",2,"02-Well-D10","02-Well-D10",NA,160896,117479,12616,11130,1340.58,1277.6,105.12,92.74,NA,120,60,120,10,110,110,120.019693,"91.9528804","120.0152207",114.6909091,105.12,"1.091047461",101.1818182,92.74,"0.916567835",2.3,1.5,2.8,"cylinder",10,33.45796176,NA,"HE2","T0C","D","T0","C","HE2_T0C",NA,NA,"HE","HE","Pocillopora verrucosa",114.6909091,12616,1146909.091,34279.108190361,4.53502951473765
"75","PC_HE2_T0C_E","D11",2,"02-Well-D11","02-Well-D11",NA,126963,80289,2614,2080,1057.58,872.86,21.77,17.33,NA,120,60,120,10,110,110,120.0504926,"91.98382329","120.0734956",23.76363636,21.77,"1.091577233",18.90909091,17.33,"0.916490385",1,2,2.2,"box",15,15.2,NA,"HE2","T0C","E","T0","C","HE2_T0C",NA,NA,"HE","HE","Porites rus",23.76363636,2614,356454.5454,23450.9569342105,4.37016056913075
"76","PC_HE2_T0C_F","D12",2,"02-Well-D12","02-Well-D12",NA,136112,86816,2953,2318,1134.09,944.15,24.6,19.31,NA,120,60,120,10,110,110,120.0186934,"91.95149076","120.0406504",26.84545455,24.6,"1.09127864",21.07272727,19.31,"0.916350302",NA,2.4,3.1,"cone",15,29.55956565,NA,"HE2","T0C","F","T0","C","HE2_T0C",NA,NA,"HE","HE","Porites rus",26.84545455,2953,402681.81825,13622.7244682129,4.13426397271511
"77","PC_HE2_T7C_A","D8",3,"03-Well-D8","03-Well-D8",NA,328964,248037,88034,62809,2740.63,2697.06,733.42,523.27,NA,120,60,120,10,110,110,120.0322554,"91.96569598","120.032178",800.3090909,733.42,"1.091201618",570.9909091,523.27,"0.916424398",NA,1,7,"cone",10,22.21441469,NA,"HE2","T7C","A","T7","C","HE2_T7C",NA,NA,"HE","HE","Acropora pulchra",800.3090909,88034,8003090.909,360265.666265907,5.55662287532892
"78","PC_HE2_T7C_B","D9",3,"03-Well-D9","03-Well-D9",NA,629869,116958,17061,15452,5248.32,4446.98,142.16,128.75,NA,120,60,120,10,110,110,120.0134519,"26.30054554","120.0126618",155.1,142.16,"1.091024198",140.4727273,128.75,"0.91654802",NA,0.9,3.2,"cylinder",10.5,20.64026373,NA,"HE2","T7C","B","T7","C","HE2_T7C",NA,NA,"HE","HE","Acropora pulchra",155.1,17061,1628550,78901.6081045976,4.89708585471558
"79","PC_HE2_T7C_C","D10",3,"03-Well-D10","03-Well-D10",NA,560090,316479,48000,41727,4666.3,4427.05,399.9,347.64,NA,120,60,120,10,110,110,120.0287165,"71.48755944","120.0300075",436.3636364,399.9,"1.091181886",379.3363636,347.64,"0.916442591",NA,1.6,3.9,"cylinder",10,47.24955351,"lost some blastate","HE2","T7C","C","T7","C","HE2_T7C",NA,NA,"HE","HE","Pocillopora verrucosa",436.3636364,48000,4363636.364,92352.9650513305,4.96545084330371
"80","PC_HE2_T7C_D","D11",3,"03-Well-D11","03-Well-D11",NA,97201,68648,1571,1182,809.94,737.2,13.09,9.85,NA,120,60,120,10,110,110,120.0101242,"93.11991319","120.0152788",14.28181818,13.09,"1.091047989",10.74545455,9.85,"0.916666667",1.1,1.5,2.7,"box",10,15.69,"lost some blastate","HE2","T7C","D","T7","C","HE2_T7C",NA,NA,"HE","HE","Pocillopora verrucosa",14.28181818,1571,142818.1818,9102.49724665392,3.95916055623952
"81","PC_HE2_T7C_E","D12",3,"03-Well-D12","03-Well-D12",NA,86055,55146,3804,3281,716.84,599.53,31.69,27.33,NA,120,60,120,10,110,110,120.0477094,"91.98205261","120.0378668",34.58181818,31.69,"1.091253335",29.82727273,27.33,"0.916275526",1.7,2.2,2.3,"box",10,21.68,NA,"HE2","T7C","E","T7","C","HE2_T7C",NA,NA,"HE","HE","Porites rus",34.58181818,3804,345818.1818,15951.0231457565,4.20278854521797
"82","PC_HE2_T7C_F","E1",3,"03-Well-E1","03-Well-E1",NA,6773,4750,253,151,56.4,51.62,2.11,1.26,NA,120,60,120,10,110,110,120.0886525,"92.01859744","119.9052133",2.3,2.11,"1.090047393",1.372727273,1.26,"0.917880795",0.9,1.6,2.1,"box",10,11.94,"lost some blastate","HE2","T7C","F","T7","C","HE2_T7C","Y",NA,"HE","HE","Porites rus",2.3,253,23000,1926.29815745394,3.28472350922424
"83","PC_HE2_T7H_A","E2",3,"03-Well-E2","03-Well-E2",NA,1143,758,16,10,9.49,8.21,0.13,0.08,NA,120,60,120,10,110,110,120.4425711,"92.32643118","123.0769231",0.145454545,0.13,"1.118881119",0.090909091,0.08,"0.88",NA,0.9,2.9,"cylinder",10,18.9438037,NA,"HE2","T7H","A","T7","H","HE2_T7H",NA,NA,"HE","HE","Acropora pulchra",0.145454545,16,1454.54545,76.7821221669437,1.88526011133253
"84","PC_HE2_T7H_B","E3",3,"03-Well-E3","03-Well-E3",NA,9057,6444,374,236,75.44,70.05,3.12,1.97,NA,120,60,120,10,110,110,120.0556734,"91.99143469","119.8717949",3.4,3.12,"1.08974359",2.145454545,1.97,"0.918220339",NA,0.8,1.1,"cylinder",10,7.539822369,NA,"HE2","T7H","B","T7","H","HE2_T7H",NA,NA,"HE","HE","Acropora pulchra",3.4,374,34000,4509.39005404041,3.65411780261437
"85","PC_HE2_T7H_C","E4",3,"03-Well-E4","03-Well-E4",NA,3926,2787,549,425,32.69,30.28,4.57,3.54,NA,120,60,120,10,110,110,120.0978893,"92.04095112","120.131291",4.990909091,4.57,"1.092102646",3.863636364,3.54,"0.916235294",1.4,2.2,3.1,"box",10,25.4,NA,"HE2","T7H","C","T7","H","HE2_T7H",NA,NA,"HE","HE","Pocillopora verrucosa",4.990909091,549,49909.09091,1964.92483897638,3.29334594267984
"86","PC_HE2_T7H_D","E5",3,"03-Well-E5","03-Well-E5",NA,1638,1029,37,30,13.65,11.19,0.31,0.25,NA,120,60,120,10,110,110,120,"91.95710456","119.3548387",0.336363636,0.31,"1.085043988",0.272727273,0.25,"0.916666667",1.5,2.7,3,"box",10,29.25,"epiphytic algae. maybe","HE2","T7H","D","T7","H","HE2_T7H",NA,NA,"HE","HE","Pocillopora verrucosa",0.336363636,37,3363.63636,114.996114871795,2.06068316802106
"87","PC_HE2_T7H_E","E6",3,"03-Well-E6","03-Well-E6",NA,4272,1976,82,57,35.59,38.8,0.68,0.47,NA,120,60,120,10,110,110,120.0337173,"50.92783505","120.5882353",0.745454545,0.68,"1.096256684",0.518181818,0.47,"0.907017544",1.2,1.8,2.7,"box-y triangle",15,5.724,NA,"HE2","T7H","E","T7","H","HE2_T7H",NA,NA,"HE","HE","Porites rus",0.745454545,82,11181.818175,1953.49723532495,3.29081280092862
"88","PC_HE2_T7H_F","E7",3,"03-Well-E7","03-Well-E7",NA,682963,387672,97313,73236,5690.62,5330.87,810.84,610.22,NA,120,60,120,10,110,110,120.0155695,"72.72208851","120.0150461",884.6636364,810.84,"1.091045874",665.7818182,610.22,"0.916546507",1.5,2.4,2.6,"box",15,23.88,NA,"HE2","T7H","F","T7","H","HE2_T7H",NA,NA,"HE","HE","Porites rus",884.6636364,97313,13269954.546,555693.238944724,5.74483511280686
"89","PC_HE3_T0C_A","E1",2,"02-Well-E1","02-Well-E1",NA,151893,118297,37830,34231,1012.22,969.7,252.1,228.12,NA,120,60,120,10,110,110,150.0592757,"121.9934","150.0595002",343.9090909,252.1,"1.364177275",311.1909091,228.12,"0.733054833",NA,0.8,2.2,"cylinder",10,13.06902544,"chunk had dark tissue—black maybe","HE3","T0C","A","T0","C","HE3_T0C","Y",NA,"HE","HE","Acropora pulchra",343.9090909,37830,3439090.909,263148.229742829,5.42020045276672
"90","PC_HE3_T0C_B","E2",2,"02-Well-E2","02-Well-E2",NA,626705,390161,108286,102348,5222.28,4831.29,902.34,852.86,NA,120,60,120,10,110,110,120.0060127,"80.75710628","120.0057628",984.4181818,902.34,"1.09096148",930.4363636,852.86,"0.916623676",NA,1,5.5,"cylinder",10,37.69911184,NA,"HE3","T0C","B","T0","C","HE3_T0C",NA,NA,"HE","HE","Acropora pulchra",984.4181818,108286,9844181.818,261125.03285966,5.41684850763946
"91","PC_HE3_T0C_C","E3",2,"02-Well-E3","02-Well-E3",NA,366574,105551,17221,15619,3054.48,3652.8,143.49,130.15,NA,120,60,120,10,110,110,120.0119169,"28.89591546","120.0153321",156.5545455,143.49,"1.091048473",141.9909091,130.15,"0.916607977",1.4,1.7,2.3,"BOX",10,16.64,NA,"HE3","T0C","C","T0","C","HE3_T0C",NA,NA,"HE","HE","Pocillopora verrucosa",156.5545455,17221,1565545.455,94083.2605168269,4.97351235975172
"92","PC_HE3_T0C_D","E4",2,"02-Well-E4","02-Well-E4",NA,159945,90412,13228,11126,1332.68,1488.56,110.22,92.7,NA,120,60,120,10,110,110,120.0175586,"60.73789434","120.0145164",120.2545455,110.22,"1.091041058",101.1454545,92.7,"0.916501887",2,3.2,2.8,"box",15,35.52,NA,"HE3","T0C","D","T0","C","HE3_T0C",NA,NA,"HE","HE","Pocillopora verrucosa",120.2545455,13228,1803818.1825,50783.1695523649,4.70571980319672
"93","PC_HE3_T0C_E","E5",2,"02-Well-E5","02-Well-E5",NA,141155,104731,3462,2690,1175.99,1106.58,28.84,22.41,NA,120,60,120,10,110,110,120.0307826,"94.64385765","120.0416089",31.47272727,28.84,"1.091287353",24.45454545,22.41,"0.916394052",NA,1.8,2,"cone",15,15.21569033,"fell on ground before chunking","HE3","T0C","E","T0","C","HE3_T0C","Y",NA,"HE","HE","Porites rus",31.47272727,3462,472090.90905,31026.5849797957,4.49173397648493
"94","PC_HE3_T0C_F","E6",2,"02-Well-E6","02-Well-E6",NA,283404,194560,8289,7178,2360.3,2114.69,69.03,59.78,NA,120,60,120,10,110,110,120.0711774,"92.00402896","120.0782269",75.35454545,69.03,"1.091620244",65.25454545,59.78,"0.916104765",1.4,1.7,2.4,"box",15,17.26,NA,"HE3","T0C","F","T0","C","HE3_T0C",NA,NA,"HE","HE","Porites rus",75.35454545,8289,1130318.18175,65487.7277954809,4.81615992212824
"95","PC_HE3_T7C_A","E8",3,"03-Well-E8","03-Well-E8",NA,252500,69231,8646,7705,2104.12,2361.23,72.05,64.21,NA,120,60,120,10,110,110,120.0026614,"29.31988836","120",78.6,72.05,"1.090909091",70.04545455,64.21,"0.916690461",NA,1.1,5.8,"cylinder",10,43.88804937,NA,"HE3","T7C","A","T7","C","HE3_T7C",NA,NA,"HE","HE","Acropora pulchra",78.6,8646,786000,17909.2033317224,4.25307626723752
"96","PC_HE3_T7C_B","E9",3,"03-Well-E9","03-Well-E9",NA,332693,248156,34814,29826,2771.8,2698.49,290.05,248.49,NA,120,60,120,10,110,110,120.0277798,"91.9610597","120.0275815",316.4909091,290.05,"1.091159831",271.1454545,248.49,"0.916445383",NA,1,2.8,"cylinder",10,20.73451151,NA,"HE3","T7C","B","T7","C","HE3_T7C",NA,NA,"HE","HE","Acropora pulchra",316.4909091,34814,3164909.091,152639.674654192,5.18366743167842
"97","PC_HE3_T7C_C","E10",3,"03-Well-E10","03-Well-E10",NA,505940,280678,48035,43778,4214.92,3748.27,400.17,364.71,NA,120,60,120,10,110,110,120.035493,"74.88201223","120.0364845",436.6818182,400.17,"1.091240768",397.9818182,364.71,"0.916398648",NA,1.9,2.7,"cylinder",10,43.57389011,NA,"HE3","T7C","C","T7","C","HE3_T7C",NA,NA,"HE","HE","Pocillopora verrucosa",436.6818182,48035,4366818.182,100216.39497819,5.00093877608318
"98","PC_HE3_T7C_D","E11",3,"03-Well-E11","03-Well-E11",NA,233178,169313,5230,4319,1942.5,1812.5,43.57,35.98,NA,120,60,120,10,110,110,120.0401544,"93.41406897","120.0367225",47.54545455,43.57,"1.091242932",39.26363636,35.98,"0.91636953",1.5,2.3,3,"box",10,26.25,"lost some blastate","HE3","T7C","D","T7","C","HE3_T7C",NA,NA,"HE","HE","Pocillopora verrucosa",47.54545455,5230,475454.5455,18112.5541142857,4.25797969600859
"99","PC_HE3_T7C_E","E12",3,"03-Well-E12","03-Well-E12",NA,87921,65220,203,144,732.48,709.17,1.69,1.2,NA,120,60,120,10,110,110,120.0319463,"91.96666526","120.1183432",1.845454545,1.69,"1.091984938",1.309090909,1.2,"0.916666667",2,1.2,1.7,"square bottom cone (count bottom)",10,5.910213669,NA,"HE3","T7C","E","T7","C","HE3_T7C",NA,NA,"HE","HE","Porites rus",1.845454545,203,18454.54545,3122.48363317167,3.49450017065166
"100","PC_HE3_T7C_F","F1",3,"03-Well-F1","03-Well-F1",NA,56795,40516,12335,11879,473.15,440.54,102.76,98.96,NA,120,60,120,10,110,110,120.0359294,"91.9689472","120.0369794",112.1363636,102.76,"1.091245267",107.9909091,98.96,"0.916373432",1.5,2.3,2.4,"box",15,21.69,"lost some blastate","HE3","T7C","F","T7","C","HE3_T7C",NA,NA,"HE","HE","Porites rus",112.1363636,12335,1682045.454,77549.3524204703,4.88957817556818
"101","PC_HE3_T7H_A","F2",3,"03-Well-F2","03-Well-F2",NA,868289,495844,110262,107475,7234.27,6988.02,918.66,895.44,NA,120,60,120,10,110,110,120.0244116,"70.95629377","120.0248188",1002.381818,918.66,"1.091134716",977.0454545,895.44,"0.91647732",NA,0.9,3.5,"cylinder",10,22.33672377,NA,"HE3","T7H","A","T7","H","HE3_T7H",NA,NA,"HE","HE","Acropora pulchra",1002.381818,110262,10023818.18,448759.553245798,5.65201370699645
"102","PC_HE3_T7H_B","F3",3,"03-Well-F3","03-Well-F3",NA,420907,313805,39804,37061,3506.28,3411.78,331.58,308.73,"Use Sym-SSC Sym-SSC Events/μL(V)",120,60,120,10,110,110,120.0437501,"91.97691528","120.0434284",361.8545455,331.58,"1.091303895",336.9181818,308.73,"0.916335231",NA,1.2,5.5,"cylinder",10,45.99291645,NA,"HE3","T7H","B","T7","H","HE3_T7H",NA,NA,"HE","HE","Acropora pulchra",336.9181818,37061,3369181.818,73254.3634553533,4.86483349889839
"103","PC_HE3_T7H_C","F4",3,"03-Well-F4","03-Well-F4",NA,1371065,291176,14428,13600,11425.47,11588.05,120.23,113.33,NA,120,60,120,10,110,110,120.0007527,"25.12726473","120.003327",131.1636364,120.23,"1.090939336",123.6363636,113.33,"0.916639706",NA,1.7,3.7,"cylinder",14,48.60043835,NA,"HE3","T7H","C","T7","H","HE3_T7H",NA,NA,"HE","HE","Pocillopora verrucosa",131.1636364,14428,1836290.9096,37783.4227826466,4.57730129790248
"104","PC_HE3_T7H_D","F5",3,"03-Well-F5","03-Well-F5",NA,13729,9632,108,98,114.32,104.66,0.9,0.82,NA,120,60,120,10,110,110,120.0927222,"92.03133958","120",0.981818182,0.9,"1.090909091",0.890909091,0.82,"0.920408163",NA,1.3,5.6,"cylinder",14,51.05088062,NA,"HE3","T7H","D","T7","H","HE3_T7H",NA,NA,"HE","HE","Pocillopora verrucosa",0.981818182,108,13745.454548,269.250096787067,2.43015586808546
"105","PC_HE3_T7H_E","F6",3,"03-Well-F6","03-Well-F6",NA,7156,3791,49,34,59.63,41.23,0.41,0.28,NA,120,60,120,10,110,110,120.006708,"91.94761096","119.5121951",0.445454545,0.41,"1.086474501",0.309090909,0.28,"0.905882353",NA,1,2.4,"cylinder",15,18.22123739,NA,"HE3","T7H","E","T7","H","HE3_T7H",NA,NA,"HE","HE","Porites rus",0.445454545,49,6681.818175,366.704962565663,2.5643167872453
"106","PC_HE3_T7H_F","F7",3,"03-Well-F7","03-Well-F7",NA,69979,48623,1856,1681,582.7,528.35,15.45,14,NA,120,60,120,10,110,110,120.0943882,"92.02801173","120.1294498",16.87272727,15.45,"1.092085908",15.28181818,14,"0.916121356",NA,1.3,3.3,"dome",15.5,14.48550184,NA,"HE3","T7H","F","T7","H","HE3_T7H",NA,NA,"HE","HE","Porites rus",16.87272727,1856,261527.272685,18054.4157581633,4.25658343919812
"107","PC_PB1_T0C_A","B7",2,"02-Well-B7","02-Well-B7",NA,111607,81238,17848,16415,930.06,883.66,148.73,136.79,NA,120,60,120,10,110,110,119.999785,"91.9335491","120.0026894",162.2545455,148.73,"1.09093354",149.2272727,136.79,"0.916655498",NA,0.9,2.8,"cylinder",11.5,18.37831702,NA,"PB1","T0C","A","T0","C","PB1_T0C",NA,NA,"PB","BL","Acropora pulchra",162.2545455,17848,1865927.27325,101528.734715993,5.00658897389923
"108","PC_PB1_T0C_B","B8",2,"02-Well-B8","02-Well-B8",NA,16839,12317,2511,1966,140.28,133.93,20.92,16.38,NA,120,60,120,10,110,110,120.0384944,"91.96595236","120.0286807",22.82727273,20.92,"1.091169824",17.87272727,16.38,"0.916480163",NA,0.8,1.7,"cylinder",10,10.55575132,NA,"PB1","T0C","B","T0","C","PB1_T0C",NA,NA,"PB","BL","Acropora pulchra",22.82727273,2511,228272.7273,21625.4362555407,4.33496487736057
"109","PC_PB1_T0C_C","B9",2,"02-Well-B9","02-Well-B9",NA,81030,55976,1146,967,675.23,608.86,9.55,8.06,NA,120,60,120,10,110,110,120.0035543,"91.93574878","120",10.41818182,9.55,"1.090909091",8.790909091,8.06,"0.916856256",NA,1.5,3.6,"cylinder",10,40.99778413,NA,"PB1","T0C","C","T0","C","PB1_T0C",NA,NA,"PB","BL","Pocillopora verrucosa",10.41818182,1146,104181.8182,2541.15729449303,3.40503154817359
"110","PC_PB1_T0C_D","B10",2,"02-Well-B10","02-Well-B10",NA,72011,51631,2746,2362,599.46,560.85,22.86,19.66,NA,120,60,120,10,110,110,120.1264471,"92.05848266","120.1224847",24.96363636,22.86,"1.092022588",21.47272727,19.66,"0.915580017",NA,3.4,3.4,"cone",10,51.35972677,NA,"PB1","T0C","D","T0","C","PB1_T0C",NA,NA,"PB","BL","Pocillopora verrucosa",24.96363636,2746,249636.3636,4860.54695574853,3.68668514302727
"111","PC_PB1_T0C_E","B11",2,"02-Well-B11","02-Well-B11",NA,106978,73627,3351,2535,891.26,800.62,27.92,21.12,"Use Sym-SSC Sym-SSC Events/μL(V)",120,60,120,10,110,110,120.0300698,"91.96247908","120.02149",30.46363636,27.92,"1.091104454",23.04545455,21.12,"0.916449704",NA,2.1,2.3,"dome",15,20.5473129,NA,"PB1","T0C","E","T0","C","PB1_T0C",NA,NA,"PB","BL","Porites rus",23.04545455,2535,345681.81825,16823.6995237465,4.22592150311953
"112","PC_PB1_T0C_F","B12",2,"02-Well-B12","02-Well-B12",NA,169236,118883,3811,3272,1409.9,1292.66,31.75,27.26,NA,120,60,120,10,110,110,120.034045,"91.96772547","120.0314961",34.64545455,31.75,"1.091195419",29.74545455,27.26,"0.916442543",NA,1.6,2.1,"cone",15,13.27046816,NA,"PB1","T0C","F","T0","C","PB1_T0C",NA,NA,"PB","BL","Porites rus",34.64545455,3811,519681.81825,39160.7750370429,4.59285127840639
"113","PC_PB1_T7C_A","E7",2,"02-Well-E7","02-Well-E7",NA,136073,100826,27764,24117,1133.92,1096.7,231.36,200.97,NA,120,60,120,10,110,110,120.0022929,"91.93580742","120.0034578",252.4,231.36,"1.090940526",219.2454545,200.97,"0.916643861",NA,0.9,3.6,"cylinder",10,22.90221044,NA,"PB1","T7C","A","T7","C","PB1_T7C",NA,NA,"PB","BL","Acropora pulchra",252.4,27764,2524000,110207.702728628,5.04221194964854
"114","PC_PB1_T7C_B","E8",2,"02-Well-E8","02-Well-E8",NA,319543,236597,40469,34569,2662.09,2572.61,337.14,287.99,NA,120,60,120,10,110,110,120.0346344,"91.9676904","120.0361867",367.9,337.14,"1.091238061",314.2636364,287.99,"0.916396193",NA,1.1,3.8,"cylinder",10.5,30.06504169,NA,"PB1","T7C","B","T7","C","PB1_T7C",NA,NA,"PB","BL","Acropora pulchra",367.9,40469,3862950,128486.434172645,5.10885727650021
"115","PC_PB1_T7C_C","E9",2,"02-Well-E9","02-Well-E9",NA,364653,210176,22355,19978,3038.35,2707.06,186.27,166.46,NA,120,60,120,10,110,110,120.0167854,"77.63994887","120.0139582",203.2272727,186.27,"1.091035984",181.6181818,166.46,"0.916538192",1.3,2.3,2.4,"box",10,20.27,NA,"PB1","T7C","C","T7","C","PB1_T7C",NA,NA,"PB","BL","Pocillopora verrucosa",203.2272727,22355,2032272.727,100260.124666996,5.00112824029453
"116","PC_PB1_T7C_D","E10",2,"02-Well-E10","02-Well-E10",NA,123454,96629,5383,4325,1028.69,1035.58,44.85,36.04,NA,120,60,120,10,110,110,120.0108876,"93.30906352","120.0222965",48.93636364,44.85,"1.091111787",39.31818182,36.04,"0.916624277",NA,1,7,"cylinder",10,47.1238898,"No nubbin cause stupid","PB1","T7C","D","T7","C","PB1_T7C",NA,NA,"PB","BL","Pocillopora verrucosa",48.93636364,5383,489363.6364,10384.6188945124,4.01639056297537
"117","PC_PB1_T7C_E","E11",2,"02-Well-E11","02-Well-E11",NA,63267,38226,1999,1635,527.08,415.65,16.65,13.62,NA,120,60,120,10,110,110,120.0330121,"91.96679899","120.0600601",18.17272727,16.65,"1.091455091",14.86363636,13.62,"0.916330275",1.3,1.8,2.4,"box",12,17.22,NA,"PB1","T7C","E","T7","C","PB1_T7C",NA,NA,"PB","BL","Porites rus",18.17272727,1999,218072.72724,12663.9214425087,4.1025682078247
"118","PC_PB1_T7C_F","E12",2,"02-Well-E12","02-Well-E12",NA,48521,29297,3612,2933,404.28,318.61,30.1,24.44,NA,120,60,120,10,110,110,120.0183041,"91.95254386","120",32.83636364,30.1,"1.090909091",26.66363636,24.44,"0.91660416",1.4,2.1,2.6,"box",10,21.14,NA,"PB1","T7C","F","T7","C","PB1_T7C",NA,NA,"PB","BL","Porites rus",32.83636364,3612,328363.6364,15532.8115610218,4.19125007355993
"119","PC_PB1_T7H_A","F1",2,"02-Well-F1","02-Well-F1",NA,53659,38924,4665,3860,447.03,423.23,38.86,32.16,NA,120,60,120,10,110,110,120.0344496,"91.9689058","120.0463201",42.40909091,38.86,"1.091330183",35.09090909,32.16,"0.916476684",NA,0.9,2,"cylinder",10,13.8544236,NA,"PB1","T7H","A","T7","H","PB1_T7H",NA,NA,"PB","BL","Acropora pulchra",42.40909091,4665,424090.9091,30610.50544896,4.4858705008447
"120","PC_PB1_T7H_B","F2",2,"02-Well-F2","02-Well-F2",NA,218404,162840,19645,18685,1819.93,1771.16,163.7,155.7,NA,120,60,120,10,110,110,120.0068134,"91.9397457","120.0061087",178.5909091,163.7,"1.090964625",169.8636364,155.7,"0.916617608",NA,0.9,2.5,"cylinder",10.5,16.68185699,NA,"PB1","T7H","B","T7","H","PB1_T7H",NA,NA,"PB","BL","Acropora pulchra",178.5909091,19645,1875204.54555,112409.820242081,5.05080425332067
"121","PC_PB1_T7H_C","F3",2,"02-Well-F3","02-Well-F3",NA,106582,79659,8086,6029,887.94,866.18,67.36,50.23,NA,120,60,120,10,110,110,120.0328851,"91.96587314","120.0415677",73.50909091,67.36,"1.091286979",54.80909091,50.23,"0.916453807",NA,1.4,6,"cylinder",10,58.93627818,NA,"PB1","T7H","C","T7","H","PB1_T7H",NA,NA,"PB","BL","Pocillopora verrucosa",73.50909091,8086,735090.9091,12472.638785485,4.09595834511753
"122","PC_PB1_T7H_D","F4",2,"02-Well-F4","02-Well-F4",NA,131927,98249,11884,6383,1099.08,1068.3,99.01,53.18,NA,120,60,120,10,110,110,120.0340285,"91.96761209","120.02828",108.0363636,99.01,"1.091166182",58.02727273,53.18,"0.916465612",NA,1.9,4.3,"cylinder",10.5,62.67477344,NA,"PB1","T7H","D","T7","H","PB1_T7H",NA,NA,"PB","BL","Pocillopora verrucosa",108.0363636,11884,1134381.8178,18099.4961056536,4.25766648417414
"123","PC_PB1_T7H_E","F5",2,"02-Well-F5","02-Well-F5",NA,55524,37282,767,613,462.57,405.38,6.39,5.11,NA,120,60,120,10,110,110,120.0337246,"91.96803","120.0312989",6.972727273,6.39,"1.091193626",5.572727273,5.11,"0.916965742",1.2,1.5,2,"box",10,12.6,NA,"PB1","T7H","E","T7","H","PB1_T7H",NA,NA,"PB","BL","Porites rus",6.972727273,767,69727.27273,5533.91053412699,3.74303213369018
"124","PC_PB1_T7H_F","F6",2,"02-Well-F6","02-Well-F6",NA,41854,29750,1671,1512,348.51,323.27,13.91,12.59,NA,120,60,120,10,110,110,120.0941149,"92.02833545","120.1294033",15.19090909,13.91,"1.092085485",13.74545455,12.59,"0.915939153",1.1,2.1,2.2,"box-y triangle",10,5.397278899,NA,"PB1","T7H","F","T7","H","PB1_T7H",NA,NA,"PB","BL","Porites rus",15.19090909,1671,151909.0909,28145.4958586901,4.44940890433024
"125","PC_PB2_T0C_A","C1",2,"02-Well-C1","02-Well-C1",NA,48051,34990,6985,6218,400.41,380.58,58.21,51.81,NA,120,60,120,10,110,110,120.0044954,"91.93862","119.9965642",63.5,58.21,"1.090877856",56.52727273,51.81,"0.916548729",NA,0.9,2,"cylinder",10,13.8544236,NA,"PB2","T0C","A","T0","C","PB2_T0C",NA,NA,"PB","BL","Acropora pulchra",63.5,6985,635000,45833.7364536768,4.66118526320307
"126","PC_PB2_T0C_B","C2",2,"02-Well-C2","02-Well-C2",NA,94073,69647,12474,11587,783.65,757.21,103.91,96.52,NA,120,60,120,10,110,110,120.0446628,"91.97844719","120.0461938",113.4,103.91,"1.091329035",105.3363636,96.52,"0.916302753",NA,0.9,2.4,"cylinder",10,16.11637031,NA,"PB2","T0C","B","T0","C","PB2_T0C",NA,NA,"PB","BL","Acropora pulchra",113.4,12474,1134000,70363.2380112517,4.84734581682951
"127","PC_PB2_T0C_C","C3",2,"02-Well-C3","02-Well-C3",NA,160607,114758,9794,7494,1338.14,1247.97,81.6,62.44,"Use Sym-SSC Sym-SSC Events/μL(V)",120,60,120,10,110,110,120.0225686,"91.95573612","120.0245098",89.03636364,81.6,"1.091131907",68.12727273,62.44,"0.916519883",NA,1.6,3.1,"cylinder",10,39.20707632,"one tip overgrown with algae — avoided","PB2","T0C","C","T0","C","PB2_T0C",NA,NA,"PB","BL","Pocillopora verrucosa",68.12727273,7494,681272.7273,17376.2695728596,4.23995654554096
"128","PC_PB2_T0C_D","C4",2,"02-Well-C4","02-Well-C4",NA,88871,61759,3008,2751,740.58,671.77,25.07,22.92,NA,120,60,120,10,110,110,120.0018904,"91.93473957","119.9840447",27.34545455,25.07,"1.090764042",25.00909091,22.92,"0.916466739",NA,1.1,3.1,"cylinder",11,25.22698901,"one tip overgrown with algae — avoided","PB2","T0C","D","T0","C","PB2_T0C",NA,NA,"PB","BL","Pocillopora verrucosa",27.34545455,3008,300800.00005,11923.7377053109,4.07641241399016
"129","PC_PB2_T0C_E","H8",1,"01-Well-H8","01-Well-H8",NA,477555,76114,169,146,26057.26,17236.83,9.22,7.97,NA,150,30,300,10,290,145,18.327138,"4.415777147","18.329718",1.165517241,9.22,"0.126411848",1.006896552,7.97,"7.915410959",1.1,2.4,3.1,"box",15,24.34,NA,"PB2","T0C","E","T0","C","PB2_T0C",NA,NA,"PB","BL","Porites rus",1.165517241,169,17482.758615,718.272745069844,2.856289387399
"130","PC_PB2_T0C_E","H8",1,"01-Well-H8","01-Well-H8(1)",NA,345426,201295,8202,7452,1972.83,3184.09,46.84,42.56,NA,150,30,300,10,290,145,175.0916197,"63.21900449","175.1067464",56.56551724,46.84,"1.207632734",51.39310345,42.56,"0.828126677",1.1,2.4,3.1,"box",15,24.34,NA,"PB2","T0C","E","T0","C","PB2_T0C",NA,NA,"PB","BL","Porites rus",56.56551724,8202,848482.7586,34859.6038866064,4.54232244786754
"131","PC_PB2_T0C_F","C6",2,"02-Well-C6","02-Well-C6",NA,69207,41775,2341,2037,576.72,454.4,19.51,16.97,NA,120,60,120,10,110,110,120.0010404,"91.93441901","119.9897488",21.28181818,19.51,"1.090815899",18.51818182,16.97,"0.916396662",NA,1.4,2.4,NA,15,27.26902423,NA,"PB2","T0C","F","T0","C","PB2_T0C",NA,NA,"PB","BL","Porites rus",21.28181818,2341,319227.2727,11706.5894990405,4.06843038973667
"132","PC_PB2_T7C_A","F7",2,"02-Well-F7","02-Well-F7",NA,53072,38247,14138,13489,442.2,415.95,117.8,112.39,NA,120,60,120,10,110,110,120.0180914,"91.95095564","120.0169779",128.5272727,117.8,"1.091063436",122.6272727,112.39,"0.916517162",NA,1,3.4,"cylinder",10,24.5044227,NA,"PB2","T7C","A","T7","C","PB2_T7C",NA,NA,"PB","BL","Acropora pulchra",128.5272727,14138,1285272.727,52450.6430016815,4.71975081665485
"133","PC_PB2_T7C_B","F8",2,"02-Well-F8","02-Well-F8",NA,233214,173209,43381,41084,1943.41,1884.02,361.5,342.36,NA,120,60,120,10,110,110,120.0024699,"91.93586055","120.0027663",394.3727273,361.5,"1.090934239",373.4909091,342.36,"0.916648817",NA,0.9,4.2,"cylinder",10.5,26.29513051,NA,"PB2","T7C","B","T7","C","PB2_T7C",NA,NA,"PB","BL","Acropora pulchra",394.3727273,43381,4140913.63665,157478.345090366,5.19722084222501
"134","PC_PB2_T7C_C","F9",2,"02-Well-F9","02-Well-F9",NA,85251,62597,14679,13391,710.13,680.52,122.27,111.54,NA,120,60,120,10,110,110,120.04985,"91.984071","120.0539789",133.4454545,122.27,"1.091399808",121.7363636,111.54,"0.916242252",NA,1.1,4.9,"cylinder",15,37.66769592,"lost ~1ml, dead tip w/ algae tried to avoid","PB2","T7C","C","T7","C","PB2_T7C",NA,NA,"PB","BL","Pocillopora verrucosa",133.4454545,14679,2001681.8175,53140.5430730683,4.72542598839627
"135","PC_PB2_T7C_D","F10",2,"02-Well-F10","02-Well-F10",NA,206078,152128,28750,27868,1717.26,1654.7,239.58,232.23,"Use Sym-SSC Sym-SSC Events/μL(V)",120,60,120,10,110,110,120.0039598,"91.93690699","120.0016696",261.3636364,239.58,"1.090924269",253.3454545,232.23,"0.916653509",NA,1.2,5.1,"cylinder",10,42.9769875,NA,"PB2","T7C","D","T7","C","PB2_T7C",NA,NA,"PB","BL","Pocillopora verrucosa",253.3454545,27868,2533454.545,58949.0956061078,4.77047714655936
"136","PC_PB2_T7C_E","F11",2,"02-Well-F11","02-Well-F11",NA,38284,22750,706,571,318.95,247.38,5.88,4.76,NA,120,60,120,10,110,110,120.0313529,"91.96378042","120.0680272",6.418181818,5.88,"1.09152752",5.190909091,4.76,"0.916987741",1.4,1.9,2,"box",15,15.86,NA,"PB2","T7C","E","T7","C","PB2_T7C",NA,NA,"PB","BL","Porites rus",6.418181818,706,96272.72727,6070.15934867591,3.78320009195537
"137","PC_PB2_T7C_F","F12",2,"02-Well-F12","02-Well-F12",NA,39745,22386,2784,2331,331.12,243.42,23.19,19.42,NA,120,60,120,10,110,110,120.0320126,"91.96450579","120.0517464",25.30909091,23.19,"1.091379513",21.19090909,19.42,"0.916430716",1.3,1.7,2.3,"box",10,16.01,NA,"PB2","T7C","F","T7","C","PB2_T7C",NA,NA,"PB","BL","Porites rus",25.30909091,2784,253090.9091,15808.3016302311,4.1988852138766
"138","PC_PB2_T7H_A","G1",2,"02-Well-G1","02-Well-G1",NA,195160,144804,25889,23009,1625.31,1573.81,215.61,191.62,NA,120,60,120,10,110,110,120.0755548,"92.0085652","120.0732805",235.3545455,215.61,"1.091575277",209.1727273,191.62,"0.91608501",NA,1,3,"cylinder",12,21.99114858,NA,"PB2","T7H","A","T7","H","PB2_T7H",NA,NA,"PB","BL","Acropora pulchra",235.3545455,25889,2824254.546,128426.877556024,5.10865592367619
"139","PC_PB2_T7H_B","G2",2,"02-Well-G2","02-Well-G2",NA,223307,163532,26699,25230,1860.23,1777.99,222.41,210.18,NA,120,60,120,10,110,110,120.0426829,"91.97577039","120.0440628",242.7181818,222.41,"1.091309662",229.3636364,210.18,"0.916361474",NA,1.1,3.3,"cylinder",10,26.60928978,NA,"PB2","T7H","B","T7","H","PB2_T7H",NA,NA,"PB","BL","Acropora pulchra",242.7181818,26699,2427181.818,91215.5806512473,4.96006902706661
"140","PC_PB2_T7H_C","G3",2,"02-Well-G3","02-Well-G3",NA,35541,25903,3400,2732,296.17,281.75,28.33,22.77,NA,120,60,120,10,110,110,120.0020259,"91.93611358","120.0141193",30.90909091,28.33,"1.091037448",24.83636364,22.77,"0.916800878",0.9,1.5,4.4,"box",10,22.47,NA,"PB2","T7H","C","T7","H","PB2_T7H",NA,NA,"PB","BL","Pocillopora verrucosa",30.90909091,3400,309090.9091,13755.7146906987,4.13848315947767
"141","PC_PB2_T7H_D","G4",2,"02-Well-G4","02-Well-G4",NA,52787,38335,3653,2669,439.79,416.86,30.43,22.24,NA,120,60,120,10,110,110,120.0277405,"91.96132994","120.0460072",33.20909091,30.43,"1.091327338",24.26363636,22.24,"0.916597977",NA,1.2,1.7,"dome",10.5,7.844677008,NA,"PB2","T7H","D","T7","H","PB2_T7H",NA,NA,"PB","BL","Pocillopora verrucosa",33.20909091,3653,348695.454555,44449.944108521,4.64787121922353
"142","PC_PB2_T7H_E","G5",2,"02-Well-G5","02-Well-G5",NA,62921,43451,2821,2492,524.07,472.32,23.5,20.76,NA,120,60,120,10,110,110,120.0622054,"91.99483401","120.0425532",25.64545455,23.5,"1.091295938",22.65454545,20.76,"0.916372392",1.5,1.8,2.8,"box",12,21.18,NA,"PB2","T7H","E","T7","H","PB2_T7H",NA,NA,"PB","BL","Porites rus",25.64545455,2821,307745.4546,14530.0025779037,4.16226569135028
"143","PC_PB2_T7H_F","G6",2,"02-Well-G6","02-Well-G6",NA,8153,5428,191,120,67.93,59.03,1.59,1,NA,120,60,120,10,110,110,120.0206095,"91.95324411","120.1257862",1.736363636,1.59,"1.092052601",1.090909091,1,"0.916666667",NA,1.3,3.5,"cylinder",15,33.89778473,NA,"PB2","T7H","F","T7","H","PB2_T7H",NA,NA,"PB","BL","Porites rus",1.736363636,191,26045.45454,768.352703501283,2.88556062370581
"144","PC_PB3_T0C_A","C7",2,"02-Well-C7","02-Well-C7",NA,119235,88604,13884,12994,993.49,963.62,115.68,108.27,NA,120,60,120,10,110,110,120.0163062,"91.94910857","120.0207469",126.2181818,115.68,"1.091097699",118.1272727,108.27,"0.916553794",NA,1.1,4.8,"cylinder",10,36.97654553,NA,"PB3","T0C","A","T0","C","PB3_T0C",NA,NA,"PB","BL","Acropora pulchra",126.2181818,13884,1262181.818,34134.6602260603,4.53319558427334
"145","PC_PB3_T0C_B","C8",2,"02-Well-C8","02-Well-C8",NA,45442,32460,5568,4769,378.6,352.98,46.39,39.73,NA,120,60,120,10,110,110,120.0264131,"91.95988441","120.0258676",50.61818182,46.39,"1.091144251",43.35454545,39.73,"0.916397568",NA,0.9,2.6,"cylinder",10,17.24734367,NA,"PB3","T0C","B","T0","C","PB3_T0C",NA,NA,"PB","BL","Acropora pulchra",50.61818182,5568,506181.8182,29348.3928821139,4.46758432427053
"146","PC_PB3_T0C_C","C9",2,"02-Well-C9","02-Well-C9",NA,143668,85406,6249,4877,1196.33,928.09,52.04,40.61,"Use Sym-SSC Sym-SSC Events/μL(V)",120,60,120,10,110,110,120.0906105,"92.0234029","120.0807071",56.80909091,52.04,"1.091642792",44.33636364,40.61,"0.91595243",2.1,2.3,3.1,"box",10,32.11,NA,"PB3","T0C","C","T0","C","PB3_T0C",NA,NA,"PB","BL","Pocillopora verrucosa",44.33636364,4877,443363.6364,13807.649841171,4.14011976490246
"147","PC_PB3_T0C_D","C10",2,"02-Well-C10","02-Well-C10",NA,56442,40224,1947,1825,470.24,437.4,16.22,15.2,NA,120,60,120,10,110,110,120.0280708,"91.96159122","120.0369914",17.7,16.22,"1.091245376",16.59090909,15.2,"0.916164384",1.1,2.6,2.1,"half box (triangle but width)",10,10.63,NA,"PB3","T0C","D","T0","C","PB3_T0C",NA,NA,"PB","BL","Pocillopora verrucosa",17.7,1947,177000,16650.987770461,4.22144000183851
"148","PC_PB3_T0C_E","C11",2,"02-Well-C11","02-Well-C11",NA,67823,47111,2894,2563,565.17,512.42,24.12,21.36,NA,120,60,120,10,110,110,120.0046004,"91.93825378","119.9834163",26.30909091,24.12,"1.09075833",23.3,21.36,"0.916738197",1,1.8,1.5,"box",10,10.2,"dead tissue avoided","PB3","T0C","E","T0","C","PB3_T0C",NA,NA,"PB","BL","Porites rus",26.30909091,2894,263090.9091,25793.2263823529,4.41150566987788
"149","PC_PB3_T0C_F","C12",2,"02-Well-C12","02-Well-C12",NA,152354,101689,7361,6776,1269.62,1106.12,61.34,56.47,NA,120,60,120,10,110,110,119.9996849,"91.93306332","120.0032605",66.91818182,61.34,"1.090938732",61.6,56.47,"0.916720779",NA,1.4,3.4,"cylinder",15,36.06548366,NA,"PB3","T0C","F","T0","C","PB3_T0C",NA,NA,"PB","BL","Porites rus",66.91818182,7361,1003772.7273,27831.9497046778,4.44454363092347
"150","PC_PB3_T7C_A","G7",2,"02-Well-G7","02-Well-G7",NA,19942,14374,3219,2723,166.12,156.27,26.81,22.68,NA,120,60,120,10,110,110,120.0457501,"91.98182633","120.0671391",29.26363636,26.81,"1.091519447",24.75454545,22.68,"0.916195373",NA,0.9,1.1,"cylinder",10,8.765043504,NA,"PB3","T7C","A","T7","C","PB3_T7C",NA,NA,"PB","BL","Acropora pulchra",29.26363636,3219,292636.3636,33386.7554070271,4.52357421548169
"151","PC_PB3_T7C_B","G8",2,"02-Well-G8","02-Well-G8",NA,171751,126958,36882,30830,1430.83,1380.44,307.26,256.84,NA,120,60,120,10,110,110,120.0359232,"91.9692272","120.0351494",335.2909091,307.26,"1.091228631",280.2727273,256.84,"0.916393124",NA,1,5.8,"cylinder",10,39.58406744,NA,"PB3","T7C","B","T7","C","PB3_T7C",NA,NA,"PB","BL","Acropora pulchra",335.2909091,36882,3352909.091,84703.500873987,4.92790136049404
"152","PC_PB3_T7C_C","G9",2,"02-Well-G9","02-Well-G9",NA,202040,147607,17624,16502,1683.64,1605.56,146.86,137.51,NA,120,60,120,10,110,110,120.0019006,"91.93490122","120.0054474",160.2181818,146.86,"1.090958612",150.0181818,137.51,"0.916622228",1.1,1.9,2.4,"box",12.5,16.49,NA,"PB3","T7C","C","T7","C","PB3_T7C",NA,NA,"PB","BL","Pocillopora verrucosa",160.2181818,17624,2002727.2725,121451.017131595,5.08440115629874
"153","PC_PB3_T7C_D","G10",2,"02-Well-G10","02-Well-G10",NA,14334,10223,1400,963,119.42,111.16,11.66,8.02,NA,120,60,120,10,110,110,120.0301457,"91.96653472","120.0686106",12.72727273,11.66,"1.091532824",8.754545455,8.02,"0.916095535",NA,1,5,"cylinder",11,34.55751919,"two overgrown/dead tips","PB3","T7C","D","T7","C","PB3_T7C","Y",NA,"PB","BL","Pocillopora verrucosa",12.72727273,1400,140000.00003,4051.21673405631,3.6075854779125
"154","PC_PB3_T7C_E","G11",2,"02-Well-G11","02-Well-G11",NA,48204,31720,911,695,401.66,344.99,7.59,5.79,NA,120,60,120,10,110,110,120.0119504,"91.94469405","120.0263505",8.281818182,7.59,"1.091148641",6.318181818,5.79,"0.916402878",1.5,2.1,2.3,"box w/ 1 missing side",10,14.88,NA,"PB3","T7C","E","T7","C","PB3_T7C",NA,NA,"PB","BL","Porites rus",8.281818182,911,82818.18182,5565.73802553763,3.74552276061445
"155","PC_PB3_T7C_F","G12",2,"02-Well-G12","02-Well-G12",NA,116905,73827,8872,7349,973.94,802.76,73.91,61.22,NA,120,60,120,10,110,110,120.0330616,"91.96646569","120.0378839",80.65454545,73.91,"1.09125349",66.80909091,61.22,"0.91634236",1.6,2.3,2.5,"box-y triangle",15,9.418989458,NA,"PB3","T7C","F","T7","C","PB3_T7C",NA,NA,"PB","BL","Porites rus",80.65454545,8872,1209818.18175,128444.583906232,5.10871579619109
"156","PC_PB3_T7H_A","H1",2,"02-Well-H1","02-Well-H1",NA,421693,85662,16685,15668,3513.3,3347.9,139.01,130.54,NA,120,60,120,10,110,110,120.0276094,"25.58678575","120.0273362",151.6818182,139.01,"1.091157601",142.4363636,130.54,"0.916479449",NA,1.2,4.3,"cylinder",10,36.94512961,NA,"PB3","T7H","A","T7","H","PB3_T7H",NA,NA,"PB","BL","Acropora pulchra",151.6818182,16685,1516818.182,41055.9713286116,4.61337633140591
"157","PC_PB3_T7H_B","H2",2,"02-Well-H2","02-Well-H2",NA,324633,220560,33461,32188,2705.06,2723.88,278.82,268.21,NA,120,60,120,10,110,110,120.0095377,"80.97273008","120.009325",304.1909091,278.82,"1.090993864",292.6181818,268.21,"0.916586927",NA,0.9,4.2,"cylinder",10,26.29513051,NA,"PB3","T7H","B","T7","H","PB3_T7H",NA,NA,"PB","BL","Acropora pulchra",304.1909091,33461,3041909.091,115683.361595911,5.06327090012112
"158","PC_PB3_T7H_C","H3",2,"02-Well-H3","02-Well-H3",NA,381235,296510,26659,25945,3175.45,3197.27,222.05,216.11,"Use Sym-SSC Sym-SSC Events/μL(V)",120,60,120,10,110,110,120.0569998,"92.73849253","120.0585454",242.3545455,222.05,"1.091441322",235.8636364,216.11,"0.916249759",1.4,1.5,3.1,"box",10,20.08,NA,"PB3","T7H","C","T7","H","PB3_T7H",NA,NA,"PB","BL","Pocillopora verrucosa",235.8636364,25945,2358636.364,117461.970318725,5.0698972814667
"159","PC_PB3_T7H_D","H4",2,"02-Well-H4","02-Well-H4",NA,232583,172975,13574,7232,1937.63,1880.82,113.08,60.25,NA,120,60,120,10,110,110,120.0347848,"91.96786508","120.0389105",123.4,113.08,"1.091262823",65.74545455,60.25,"0.916413164",NA,1.2,4.3,"cylinder",13,36.94512961,NA,"PB3","T7H","D","T7","H","PB3_T7H",NA,NA,"PB","BL","Pocillopora verrucosa",123.4,13574,1604200,43421.1496057599,4.63770131752532
"160","PC_PB3_T7H_E","H5",2,"02-Well-H5","02-Well-H5",NA,53346,21223,919,743,444.51,230.83,7.66,6.19,NA,120,60,120,10,110,110,120.0107984,"91.94212191","119.9738903",8.354545455,7.66,"1.09067173",6.754545455,6.19,"0.916419919",0.9,2.3,2.5,"box",13.5,18.07,"No nubbin cause stupid","PB3","T7H","E","T7","H","PB3_T7H","Y","Y","PB","BL","Porites rus",8.354545455,919,112786.3636425,6241.63606211954,3.79529844218559
"161","PC_PB3_T7H_F","H6",2,"02-Well-H6","02-Well-H6",NA,50991,28526,1838,1445,424.91,310.28,15.32,12.04,NA,120,60,120,10,110,110,120.0042362,"91.93631559","119.9738903",16.70909091,15.32,"1.09067173",13.13636364,12.04,"0.916539792",1.5,2,2.5,"box",10.5,20.5,NA,"PB3","T7H","F","T7","H","PB3_T7H",NA,NA,"PB","BL","Porites rus",16.70909091,1838,175445.454555,8558.31485634146,3.93238825992968
