Tube Name:,Plate,Well,Sample ID:,All Events ,include Events,Sym-FSC Events,Sym-SSC Events,All Events  Events/μL(V),include Events/μL(V),Sym-FSC Events/μL(V),Sym-SSC Events/μL(V),Notes,Run Volume,Run Speed (uL/min),Run Time (seconds),starting time gate (seconds),run time for data collection (seconds),volume for data collection (uL),events/event*ul-1,include events/events*uL-1,symFSC events/symFSC events*uL-1,Sym-FSC Events/μL(V)_corrected,Sym-FSC Events/μL(V),symFSC_diff_percentage,Sym-SSC Events/μL(V)_corrected,Sym-SSC Events/μL(V),symSSC_diff_percentage
01-Well-H8,1,H8,,477555,76114,169,146,26057.26,17236.83,9.22,7.97,,150,30,300,10,290,145,18.327138,4.415777147,18.329718,1.165517241,9.22,0.126411848,1.006896552,7.97,7.915410959
01-Well-H8(1),1,H8(1),,345426,201295,8202,7452,1972.83,3184.09,46.84,42.56,,150,30,300,10,290,145,175.0916197,63.21900449,175.1067464,56.56551724,46.84,1.207632734,51.39310345,42.56,0.828126677
02-Well-A1,2,A1,,3369,1409,251,206,22.46,20.82,1.67,1.37,,150,30,300,10,290,145,150,67.6753122,150.2994012,1.731034483,1.67,1.036547594,1.420689655,1.37,0.964320388
02-Well-A2,2,A2,,13698,6394,2424,1937,91.32,94.5,16.16,12.91,,150,30,300,10,290,145,150,67.66137566,150,16.71724138,16.16,1.034482759,13.35862069,12.91,0.96641714
02-Well-A3,2,A3,,19345,9097,631,582,128.95,134.45,4.21,3.88,,150,30,300,10,290,145,150.0193874,67.66084046,149.8812352,4.351724138,4.21,1.033663691,4.013793103,3.88,0.966666667
02-Well-A4,2,A4,,65006,30616,3181,2423,433.28,452.49,21.2,16.15,,150,30,300,10,290,145,150.0323117,67.66116378,150.0471698,21.93793103,21.2,1.034808068,16.71034483,16.15,0.966467189
02-Well-A5,2,A5,,76104,35731,263,219,507.33,528.09,1.75,1.46,,150,30,300,10,290,145,150.00887,67.66081539,150.2857143,1.813793103,1.75,1.036453202,1.510344828,1.46,0.966666667
02-Well-A6,2,A6,,27142,11240,463,448,180.9,166.12,3.09,2.99,,150,30,300,10,290,145,150.0386954,67.66193113,149.8381877,3.193103448,3.09,1.033366812,3.089655172,2.99,0.967745536
02-Well-A7,2,A7,,1715,976,41,18,11.43,14.42,0.27,0.12,,150,30,300,10,290,145,150.0437445,67.68377254,151.8518519,0.282758621,0.27,1.047254151,0.124137931,0.12,0.966666667
02-Well-A8,2,A8,,26486,12684,4647,3968,176.54,187.47,30.97,26.45,,150,30,300,10,290,145,150.0283222,67.65882541,150.048434,32.04827586,30.97,1.034816786,27.36551724,26.45,0.966544859
02-Well-A9,2,A9,,22759,10983,1184,1029,151.72,162.32,7.89,6.86,,150,30,300,10,290,145,150.0065911,67.6626417,150.0633714,8.165517241,7.89,1.034919802,7.096551724,6.86,0.966666667
02-Well-A10,2,A10,,9046,4172,272,224,60.29,61.67,1.81,1.49,,150,30,300,10,290,145,150.0414662,67.65039728,150.2762431,1.875862069,1.81,1.036387883,1.544827586,1.49,0.964508929
02-Well-A11,2,A11,,75925,35066,449,252,506.06,518.26,2.99,1.68,,150,30,300,10,290,145,150.0316168,67.66101957,150.1672241,3.096551724,2.99,1.035636028,1.737931034,1.68,0.966666667
02-Well-A12,2,A12,,80751,35379,1474,1258,538.3,522.89,9.83,8.39,,150,30,300,10,290,145,150.0111462,67.66050221,149.9491353,10.16551724,9.83,1.034131968,8.675862069,8.39,0.967050874
02-Well-B1,2,B1,,3650,1872,248,185,24.33,27.67,1.65,1.23,,150,30,300,10,290,145,150.0205508,67.65449946,150.3030303,1.710344828,1.65,1.036572623,1.275862069,1.23,0.964054054
02-Well-B2,2,B2,,5180,2675,428,287,34.53,39.54,2.85,1.91,,150,30,300,10,290,145,150.0144802,67.65300961,150.1754386,2.951724138,2.85,1.03569268,1.979310345,1.91,0.964982578
02-Well-B3,2,B3,,33428,23921,2041,1627,278.42,260.02,17,13.55,,120,60,120,10,110,110,120.0632138,91.99676948,120.0588235,18.55454545,17,1.09144385,14.79090909,13.55,0.916103258
02-Well-B4,2,B4,,89541,62005,7868,6869,745.9,674.13,65.54,57.22,Use Sym-SSC Sym-SSC Events/μL(V),120,60,120,10,110,110,120.0442419,91.97780843,120.0488251,71.52727273,65.54,1.091352956,62.44545455,57.22,0.916319697
02-Well-B5,2,B5,,108209,71498,2602,1123,901.13,777.03,21.67,9.35,,120,60,120,10,110,110,120.0814533,92.01446534,120.0738348,23.65454545,21.67,1.091580316,10.20909091,9.35,0.915850401
02-Well-B6,2,B6,,72802,48200,4122,3062,606.62,524.22,34.35,25.51,,120,60,120,10,110,110,120.0125284,91.94612949,120,37.47272727,34.35,1.090909091,27.83636364,25.51,0.916427172
02-Well-B7,2,B7,,111607,81238,17848,16415,930.06,883.66,148.73,136.79,,120,60,120,10,110,110,119.999785,91.9335491,120.0026894,162.2545455,148.73,1.09093354,149.2272727,136.79,0.916655498
02-Well-B8,2,B8,,16839,12317,2511,1966,140.28,133.93,20.92,16.38,,120,60,120,10,110,110,120.0384944,91.96595236,120.0286807,22.82727273,20.92,1.091169824,17.87272727,16.38,0.916480163
02-Well-B9,2,B9,,81030,55976,1146,967,675.23,608.86,9.55,8.06,,120,60,120,10,110,110,120.0035543,91.93574878,120,10.41818182,9.55,1.090909091,8.790909091,8.06,0.916856256
02-Well-B10,2,B10,,72011,51631,2746,2362,599.46,560.85,22.86,19.66,,120,60,120,10,110,110,120.1264471,92.05848266,120.1224847,24.96363636,22.86,1.092022588,21.47272727,19.66,0.915580017
02-Well-B11,2,B11,,106978,73627,3351,2535,891.26,800.62,27.92,21.12,Use Sym-SSC Sym-SSC Events/μL(V),120,60,120,10,110,110,120.0300698,91.96247908,120.02149,30.46363636,27.92,1.091104454,23.04545455,21.12,0.916449704
02-Well-B12,2,B12,,169236,118883,3811,3272,1409.9,1292.66,31.75,27.26,,120,60,120,10,110,110,120.034045,91.96772547,120.0314961,34.64545455,31.75,1.091195419,29.74545455,27.26,0.916442543
02-Well-C1,2,C1,,48051,34990,6985,6218,400.41,380.58,58.21,51.81,,120,60,120,10,110,110,120.0044954,91.93862,119.9965642,63.5,58.21,1.090877856,56.52727273,51.81,0.916548729
02-Well-C2,2,C2,,94073,69647,12474,11587,783.65,757.21,103.91,96.52,,120,60,120,10,110,110,120.0446628,91.97844719,120.0461938,113.4,103.91,1.091329035,105.3363636,96.52,0.916302753
02-Well-C3,2,C3,,160607,114758,9794,7494,1338.14,1247.97,81.6,62.44,Use Sym-SSC Sym-SSC Events/μL(V),120,60,120,10,110,110,120.0225686,91.95573612,120.0245098,89.03636364,81.6,1.091131907,68.12727273,62.44,0.916519883
02-Well-C4,2,C4,,88871,61759,3008,2751,740.58,671.77,25.07,22.92,,120,60,120,10,110,110,120.0018904,91.93473957,119.9840447,27.34545455,25.07,1.090764042,25.00909091,22.92,0.916466739
02-Well-C5,2,C5,,467,451,33,21,3.89,4.9,0.27,0.17,,120,60,120,10,110,110,120.0514139,92.04081633,122.2222222,0.3,0.27,1.111111111,0.190909091,0.17,0.89047619
02-Well-C6,2,C6,,69207,41775,2341,2037,576.72,454.4,19.51,16.97,,120,60,120,10,110,110,120.0010404,91.93441901,119.9897488,21.28181818,19.51,1.090815899,18.51818182,16.97,0.916396662
02-Well-C7,2,C7,,119235,88604,13884,12994,993.49,963.62,115.68,108.27,,120,60,120,10,110,110,120.0163062,91.94910857,120.0207469,126.2181818,115.68,1.091097699,118.1272727,108.27,0.916553794
02-Well-C8,2,C8,,45442,32460,5568,4769,378.6,352.98,46.39,39.73,,120,60,120,10,110,110,120.0264131,91.95988441,120.0258676,50.61818182,46.39,1.091144251,43.35454545,39.73,0.916397568
02-Well-C9,2,C9,,143668,85406,6249,4877,1196.33,928.09,52.04,40.61,Use Sym-SSC Sym-SSC Events/μL(V),120,60,120,10,110,110,120.0906105,92.0234029,120.0807071,56.80909091,52.04,1.091642792,44.33636364,40.61,0.91595243
02-Well-C10,2,C10,,56442,40224,1947,1825,470.24,437.4,16.22,15.2,,120,60,120,10,110,110,120.0280708,91.96159122,120.0369914,17.7,16.22,1.091245376,16.59090909,15.2,0.916164384
02-Well-C11,2,C11,,67823,47111,2894,2563,565.17,512.42,24.12,21.36,,120,60,120,10,110,110,120.0046004,91.93825378,119.9834163,26.30909091,24.12,1.09075833,23.3,21.36,0.916738197
02-Well-C12,2,C12,,152354,101689,7361,6776,1269.62,1106.12,61.34,56.47,,120,60,120,10,110,110,119.9996849,91.93306332,120.0032605,66.91818182,61.34,1.090938732,61.6,56.47,0.916720779
02-Well-D1,2,D1,,251681,186248,53599,49153,2097.32,2025.88,446.65,409.6,,120,60,120,10,110,110,120.0012397,91.93436926,120.0022389,487.2636364,446.65,1.090929444,446.8454545,409.6,0.916648017
02-Well-D2,2,D2,,183746,137456,55172,52037,1531.21,1495.16,459.76,433.64,,120,60,120,10,110,110,120.0005225,91.93397362,120.00174,501.5636364,459.76,1.090924909,473.0636364,433.64,0.916663144
02-Well-D3,2,D3,,666863,478047,52795,48723,5556.22,5198.75,439.88,405.95,Use Sym-SSC Sym-SSC Events/μL(V),120,60,120,10,110,110,120.0209855,91.95421976,120.0213695,479.9545455,439.88,1.091103359,442.9363636,405.95,0.916497342
02-Well-D4,2,D4,,337281,238281,32879,29568,2810.1,2591.2,273.94,246.35,Use Sym-SSC Sym-SSC Events/μL(V),120,60,120,10,110,110,120.0245543,91.95778018,120.0226327,298.9,273.94,1.091114843,268.8,246.35,0.916480655
02-Well-D5,2,D5,,120760,78665,2307,1595,1006.32,855.66,19.22,13.29,,120,60,120,10,110,110,120.00159,91.93488068,120.0312175,20.97272727,19.22,1.091192886,14.5,13.29,0.916551724
02-Well-D6,2,D6,,243157,166839,6393,5087,2025.71,1814.09,53.26,42.38,,120,60,120,10,110,110,120.0354444,91.96842494,120.0337965,58.11818182,53.26,1.091216332,46.24545455,42.38,0.91641439
02-Well-D7,2,D7,,132502,99046,31647,28709,1103.56,1076.57,263.58,239.11,,120,60,120,10,110,110,120.0677806,92.00144905,120.0660141,287.7,263.58,1.091509219,260.9909091,239.11,0.916162179
02-Well-D8,2,D8,,213720,160039,45554,42496,1780.5,1740.18,379.51,354.03,,120,60,120,10,110,110,120.0336984,91.96692296,120.0337277,414.1272727,379.51,1.091215706,386.3272727,354.03,0.916399191
02-Well-D9,2,D9,,738131,517326,77770,68987,6148.9,5624.58,647.85,574.69,Use Sym-SSC Sym-SSC Events/μL(V),120,60,120,10,110,110,120.0427719,91.9759342,120.0432199,707,647.85,1.091301999,627.1545455,574.69,0.916345108
02-Well-D10,2,D10,,160896,117479,12616,11130,1340.58,1277.6,105.12,92.74,,120,60,120,10,110,110,120.019693,91.9528804,120.0152207,114.6909091,105.12,1.091047461,101.1818182,92.74,0.916567835
02-Well-D11,2,D11,,126963,80289,2614,2080,1057.58,872.86,21.77,17.33,,120,60,120,10,110,110,120.0504926,91.98382329,120.0734956,23.76363636,21.77,1.091577233,18.90909091,17.33,0.916490385
02-Well-D12,2,D12,,136112,86816,2953,2318,1134.09,944.15,24.6,19.31,,120,60,120,10,110,110,120.0186934,91.95149076,120.0406504,26.84545455,24.6,1.09127864,21.07272727,19.31,0.916350302
02-Well-E1,2,E1,,151893,118297,37830,34231,1012.22,969.7,252.1,228.12,,120,60,120,10,110,110,150.0592757,121.9934,150.0595002,343.9090909,252.1,1.364177275,311.1909091,228.12,0.733054833
02-Well-E2,2,E2,,626705,390161,108286,102348,5222.28,4831.29,902.34,852.86,,120,60,120,10,110,110,120.0060127,80.75710628,120.0057628,984.4181818,902.34,1.09096148,930.4363636,852.86,0.916623676
02-Well-E3,2,E3,,366574,105551,17221,15619,3054.48,3652.8,143.49,130.15,,120,60,120,10,110,110,120.0119169,28.89591546,120.0153321,156.5545455,143.49,1.091048473,141.9909091,130.15,0.916607977
02-Well-E4,2,E4,,159945,90412,13228,11126,1332.68,1488.56,110.22,92.7,,120,60,120,10,110,110,120.0175586,60.73789434,120.0145164,120.2545455,110.22,1.091041058,101.1454545,92.7,0.916501887
02-Well-E5,2,E5,,141155,104731,3462,2690,1175.99,1106.58,28.84,22.41,,120,60,120,10,110,110,120.0307826,94.64385765,120.0416089,31.47272727,28.84,1.091287353,24.45454545,22.41,0.916394052
02-Well-E6,2,E6,,283404,194560,8289,7178,2360.3,2114.69,69.03,59.78,,120,60,120,10,110,110,120.0711774,92.00402896,120.0782269,75.35454545,69.03,1.091620244,65.25454545,59.78,0.916104765
02-Well-E7,2,E7,,136073,100826,27764,24117,1133.92,1096.7,231.36,200.97,,120,60,120,10,110,110,120.0022929,91.93580742,120.0034578,252.4,231.36,1.090940526,219.2454545,200.97,0.916643861
02-Well-E8,2,E8,,319543,236597,40469,34569,2662.09,2572.61,337.14,287.99,,120,60,120,10,110,110,120.0346344,91.9676904,120.0361867,367.9,337.14,1.091238061,314.2636364,287.99,0.916396193
02-Well-E9,2,E9,,364653,210176,22355,19978,3038.35,2707.06,186.27,166.46,,120,60,120,10,110,110,120.0167854,77.63994887,120.0139582,203.2272727,186.27,1.091035984,181.6181818,166.46,0.916538192
02-Well-E10,2,E10,,123454,96629,5383,4325,1028.69,1035.58,44.85,36.04,,120,60,120,10,110,110,120.0108876,93.30906352,120.0222965,48.93636364,44.85,1.091111787,39.31818182,36.04,0.916624277
02-Well-E11,2,E11,,63267,38226,1999,1635,527.08,415.65,16.65,13.62,,120,60,120,10,110,110,120.0330121,91.96679899,120.0600601,18.17272727,16.65,1.091455091,14.86363636,13.62,0.916330275
02-Well-E12,2,E12,,48521,29297,3612,2933,404.28,318.61,30.1,24.44,,120,60,120,10,110,110,120.0183041,91.95254386,120,32.83636364,30.1,1.090909091,26.66363636,24.44,0.91660416
02-Well-F1,2,F1,,53659,38924,4665,3860,447.03,423.23,38.86,32.16,,120,60,120,10,110,110,120.0344496,91.9689058,120.0463201,42.40909091,38.86,1.091330183,35.09090909,32.16,0.916476684
02-Well-F2,2,F2,,218404,162840,19645,18685,1819.93,1771.16,163.7,155.7,,120,60,120,10,110,110,120.0068134,91.9397457,120.0061087,178.5909091,163.7,1.090964625,169.8636364,155.7,0.916617608
02-Well-F3,2,F3,,106582,79659,8086,6029,887.94,866.18,67.36,50.23,,120,60,120,10,110,110,120.0328851,91.96587314,120.0415677,73.50909091,67.36,1.091286979,54.80909091,50.23,0.916453807
02-Well-F4,2,F4,,131927,98249,11884,6383,1099.08,1068.3,99.01,53.18,,120,60,120,10,110,110,120.0340285,91.96761209,120.02828,108.0363636,99.01,1.091166182,58.02727273,53.18,0.916465612
02-Well-F5,2,F5,,55524,37282,767,613,462.57,405.38,6.39,5.11,,120,60,120,10,110,110,120.0337246,91.96803,120.0312989,6.972727273,6.39,1.091193626,5.572727273,5.11,0.916965742
02-Well-F6,2,F6,,41854,29750,1671,1512,348.51,323.27,13.91,12.59,,120,60,120,10,110,110,120.0941149,92.02833545,120.1294033,15.19090909,13.91,1.092085485,13.74545455,12.59,0.915939153
02-Well-F7,2,F7,,53072,38247,14138,13489,442.2,415.95,117.8,112.39,,120,60,120,10,110,110,120.0180914,91.95095564,120.0169779,128.5272727,117.8,1.091063436,122.6272727,112.39,0.916517162
02-Well-F8,2,F8,,233214,173209,43381,41084,1943.41,1884.02,361.5,342.36,,120,60,120,10,110,110,120.0024699,91.93586055,120.0027663,394.3727273,361.5,1.090934239,373.4909091,342.36,0.916648817
02-Well-F9,2,F9,,85251,62597,14679,13391,710.13,680.52,122.27,111.54,,120,60,120,10,110,110,120.04985,91.984071,120.0539789,133.4454545,122.27,1.091399808,121.7363636,111.54,0.916242252
02-Well-F10,2,F10,,206078,152128,28750,27868,1717.26,1654.7,239.58,232.23,Use Sym-SSC Sym-SSC Events/μL(V),120,60,120,10,110,110,120.0039598,91.93690699,120.0016696,261.3636364,239.58,1.090924269,253.3454545,232.23,0.916653509
02-Well-F11,2,F11,,38284,22750,706,571,318.95,247.38,5.88,4.76,,120,60,120,10,110,110,120.0313529,91.96378042,120.0680272,6.418181818,5.88,1.09152752,5.190909091,4.76,0.916987741
02-Well-F12,2,F12,,39745,22386,2784,2331,331.12,243.42,23.19,19.42,,120,60,120,10,110,110,120.0320126,91.96450579,120.0517464,25.30909091,23.19,1.091379513,21.19090909,19.42,0.916430716
02-Well-G1,2,G1,,195160,144804,25889,23009,1625.31,1573.81,215.61,191.62,,120,60,120,10,110,110,120.0755548,92.0085652,120.0732805,235.3545455,215.61,1.091575277,209.1727273,191.62,0.91608501
02-Well-G2,2,G2,,223307,163532,26699,25230,1860.23,1777.99,222.41,210.18,,120,60,120,10,110,110,120.0426829,91.97577039,120.0440628,242.7181818,222.41,1.091309662,229.3636364,210.18,0.916361474
02-Well-G3,2,G3,,35541,25903,3400,2732,296.17,281.75,28.33,22.77,,120,60,120,10,110,110,120.0020259,91.93611358,120.0141193,30.90909091,28.33,1.091037448,24.83636364,22.77,0.916800878
02-Well-G4,2,G4,,52787,38335,3653,2669,439.79,416.86,30.43,22.24,,120,60,120,10,110,110,120.0277405,91.96132994,120.0460072,33.20909091,30.43,1.091327338,24.26363636,22.24,0.916597977
02-Well-G5,2,G5,,62921,43451,2821,2492,524.07,472.32,23.5,20.76,,120,60,120,10,110,110,120.0622054,91.99483401,120.0425532,25.64545455,23.5,1.091295938,22.65454545,20.76,0.916372392
02-Well-G6,2,G6,,8153,5428,191,120,67.93,59.03,1.59,1,,120,60,120,10,110,110,120.0206095,91.95324411,120.1257862,1.736363636,1.59,1.092052601,1.090909091,1,0.916666667
02-Well-G7,2,G7,,19942,14374,3219,2723,166.12,156.27,26.81,22.68,,120,60,120,10,110,110,120.0457501,91.98182633,120.0671391,29.26363636,26.81,1.091519447,24.75454545,22.68,0.916195373
02-Well-G8,2,G8,,171751,126958,36882,30830,1430.83,1380.44,307.26,256.84,,120,60,120,10,110,110,120.0359232,91.9692272,120.0351494,335.2909091,307.26,1.091228631,280.2727273,256.84,0.916393124
02-Well-G9,2,G9,,202040,147607,17624,16502,1683.64,1605.56,146.86,137.51,,120,60,120,10,110,110,120.0019006,91.93490122,120.0054474,160.2181818,146.86,1.090958612,150.0181818,137.51,0.916622228
02-Well-G10,2,G10,,14334,10223,1400,963,119.42,111.16,11.66,8.02,,120,60,120,10,110,110,120.0301457,91.96653472,120.0686106,12.72727273,11.66,1.091532824,8.754545455,8.02,0.916095535
02-Well-G11,2,G11,,48204,31720,911,695,401.66,344.99,7.59,5.79,,120,60,120,10,110,110,120.0119504,91.94469405,120.0263505,8.281818182,7.59,1.091148641,6.318181818,5.79,0.916402878
02-Well-G12,2,G12,,116905,73827,8872,7349,973.94,802.76,73.91,61.22,,120,60,120,10,110,110,120.0330616,91.96646569,120.0378839,80.65454545,73.91,1.09125349,66.80909091,61.22,0.91634236
02-Well-H1,2,H1,,421693,85662,16685,15668,3513.3,3347.9,139.01,130.54,,120,60,120,10,110,110,120.0276094,25.58678575,120.0273362,151.6818182,139.01,1.091157601,142.4363636,130.54,0.916479449
02-Well-H2,2,H2,,324633,220560,33461,32188,2705.06,2723.88,278.82,268.21,,120,60,120,10,110,110,120.0095377,80.97273008,120.009325,304.1909091,278.82,1.090993864,292.6181818,268.21,0.916586927
02-Well-H3,2,H3,,381235,296510,26659,25945,3175.45,3197.27,222.05,216.11,Use Sym-SSC Sym-SSC Events/μL(V),120,60,120,10,110,110,120.0569998,92.73849253,120.0585454,242.3545455,222.05,1.091441322,235.8636364,216.11,0.916249759
02-Well-H4,2,H4,,232583,172975,13574,7232,1937.63,1880.82,113.08,60.25,,120,60,120,10,110,110,120.0347848,91.96786508,120.0389105,123.4,113.08,1.091262823,65.74545455,60.25,0.916413164
02-Well-H5,2,H5,,53346,21223,919,743,444.51,230.83,7.66,6.19,,120,60,120,10,110,110,120.0107984,91.94212191,119.9738903,8.354545455,7.66,1.09067173,6.754545455,6.19,0.916419919
02-Well-H6,2,H6,,50991,28526,1838,1445,424.91,310.28,15.32,12.04,,120,60,120,10,110,110,120.0042362,91.93631559,119.9738903,16.70909091,15.32,1.09067173,13.13636364,12.04,0.916539792
02-Well-H7,2,H7,,2878,1681,39,22,23.98,18.27,0.32,0.18,,120,60,120,10,110,110,120.0166806,92.00875753,121.875,0.354545455,0.32,1.107954545,0.2,0.18,0.9
02-Well-H8,2,H8,,15352,10378,2648,2405,127.85,112.79,22.05,20.03,,120,60,120,10,110,110,120.0782167,92.01170317,120.0907029,24.07272727,22.05,1.091733663,21.86363636,20.03,0.916133056
02-Well-H9,2,H9,,46530,33953,6211,5739,387.71,369.27,51.75,47.82,,120,60,120,10,110,110,120.0123804,91.94627238,120.0193237,56.46363636,51.75,1.091084761,52.17272727,47.82,0.916570831
02-Well-H10,2,H10,,136009,97394,17677,16311,1133.31,1059.27,147.3,135.91,,120,60,120,10,110,110,120.010412,91.94445231,120.0067889,160.7,147.3,1.090970808,148.2818182,135.91,0.916565508
02-Well-H11,2,H11,,105779,68732,471,397,881.48,747.61,3.92,3.31,,120,60,120,10,110,110,120.0015882,91.93563489,120.1530612,4.281818182,3.92,1.092300557,3.609090909,3.31,0.917128463
02-Well-H12,2,H12,,47514,30201,1725,1377,395.74,328.28,14.37,11.47,,120,60,120,10,110,110,120.0636782,91.9976849,120.0417537,15.68181818,14.37,1.09128867,12.51818182,11.47,0.916267248
03-Well-A1,3,A1,,3334,2055,146,103,27.77,22.34,1.22,0.86,,120,60,120,10,110,110,120.0576161,91.98746643,119.6721311,1.327272727,1.22,1.087928465,0.936363636,0.86,0.918446602
03-Well-A2,3,A2,,803,599,100,65,6.66,6.47,0.83,0.54,,120,60,120,10,110,110,120.5705706,92.58114374,120.4819277,0.909090909,0.83,1.095290252,0.590909091,0.54,0.913846154
03-Well-A3,3,A3,,11885,8749,1294,1368,98.92,95.02,10.77,11.39,,120,60,120,10,110,110,120.147594,92.07535256,120.1485608,11.76363636,10.77,1.092259644,12.43636364,11.39,0.915862573
03-Well-A4,3,A4,,2738,1763,296,214,22.78,19.14,2.46,1.78,,120,60,120,10,110,110,120.1931519,92.1107628,120.3252033,2.690909091,2.46,1.093865484,1.945454545,1.78,0.914953271
03-Well-A5,3,A5,,826,640,15,10,6.87,6.94,0.12,0.08,,120,60,120,10,110,110,120.2328967,92.21902017,125,0.136363636,0.12,1.136363636,0.090909091,0.08,0.88
03-Well-A6,3,A6,,10159,6920,229,120,84.61,75.21,1.91,1,,120,60,120,10,110,110,120.0685498,92.00904135,119.895288,2.081818182,1.91,1.089957163,1.090909091,1,0.916666667
03-Well-A7,3,A7,,6760,4650,250,129,56.31,50.55,2.08,1.07,,120,60,120,10,110,110,120.0497247,91.98813056,120.1923077,2.272727273,2.08,1.092657343,1.172727273,1.07,0.912403101
03-Well-A8,3,A8,,68103,50408,22191,20993,567.31,548.04,184.86,174.88,,120,60,120,10,110,110,120.0454778,91.97868769,120.0421941,201.7363636,184.86,1.091292674,190.8454545,174.88,0.916343543
03-Well-A9,3,A9,,3442,2445,471,340,28.65,26.55,3.92,2.83,,120,60,120,10,110,110,120.1396161,92.09039548,120.1530612,4.281818182,3.92,1.092300557,3.090909091,2.83,0.915588235
03-Well-A10,3,A10,,15181,10652,1513,1216,126.45,115.8,12.6,10.13,,120,60,120,10,110,110,120.0553578,91.98618307,120.0793651,13.75454545,12.6,1.091630592,11.05454545,10.13,0.916365132
03-Well-A11,3,A11,,11,11,0,0,0.09,0.12,0,0,,120,60,120,10,110,110,122.2222222,91.66666667,#DIV/0!,0,0,#DIV/0!,0,0,#DIV/0!
03-Well-A12,3,A12,,9507,7135,422,317,79.22,77.61,3.52,2.64,,120,60,120,10,110,110,120.0075738,91.93402912,119.8863636,3.836363636,3.52,1.089876033,2.881818182,2.64,0.916088328
03-Well-B1,3,B1,,6531,4248,767,831,54.4,46.18,6.39,6.92,Use Sym-SSC Sym-SSC Events/μL(V),120,60,120,10,110,110,120.0551471,91.98787354,120.0312989,6.972727273,6.39,1.091193626,7.554545455,6.92,0.916004813
03-Well-B2,3,B2,,6449,4559,484,272,53.71,49.55,4.03,2.27,,120,60,120,10,110,110,120.0707503,92.00807265,120.0992556,4.4,4.03,1.091811414,2.472727273,2.27,0.918014706
03-Well-B3,3,B3,,1,0,0,0,0.03,0,0,0,,120,60,120,10,110,110,33.33333333,#DIV/0!,#DIV/0!,0,0,#DIV/0!,0,0,#DIV/0!
03-Well-B4,3,B4,,32930,23337,5443,4793,274.34,253.76,45.35,39.93,,120,60,120,10,110,110,120.033535,91.96484868,120.0220507,49.48181818,45.35,1.091109552,43.57272727,39.93,0.916398915
03-Well-B5,3,B5,,34602,24322,153,169,288.17,264.35,1.27,1.41,,120,60,120,10,110,110,120.0749558,92.00680915,120.4724409,1.390909091,1.27,1.095204009,1.536363636,1.41,0.917751479
03-Well-B6,3,B6,,4267,2043,200,267,35.53,22.2,1.67,2.22,Use Sym-SSC Sym-SSC Events/μL(V),120,60,120,10,110,110,120.0956938,92.02702703,119.760479,1.818181818,1.67,1.088731628,2.427272727,2.22,0.914606742
03-Well-B7,3,B7,,3010,2287,74,37,25.07,24.86,0.62,0.31,,120,60,120,10,110,110,120.0638213,91.99517297,119.3548387,0.672727273,0.62,1.085043988,0.336363636,0.31,0.921621622
03-Well-B8,3,B8,,2125,1572,219,104,17.69,17.08,1.82,0.87,,120,60,120,10,110,110,120.124364,92.03747073,120.3296703,1.990909091,1.82,1.093906094,0.945454545,0.87,0.920192308
03-Well-B9,3,B9,,6591,4747,1633,888,54.89,51.59,13.6,7.4,,120,60,120,10,110,110,120.0765167,92.01395619,120.0735294,14.84545455,13.6,1.09157754,8.072727273,7.4,0.916666667
03-Well-B10,3,B10,,3593,2603,949,573,29.93,28.3,7.91,4.77,,120,60,120,10,110,110,120.0467758,91.97879859,119.9747155,8.627272727,7.91,1.090679232,5.209090909,4.77,0.915706806
03-Well-B11,3,B11,,79966,58896,425,390,666.2,640.41,3.54,3.25,Use Sym-SSC Sym-SSC Events/μL(V),120,60,120,10,110,110,120.0330231,91.96608423,120.0564972,3.863636364,3.54,1.091422702,3.545454545,3.25,0.916666667
03-Well-B12,3,B12,,84851,59299,6616,5311,706.98,644.89,55.12,44.25,,120,60,120,10,110,110,120.0189539,91.95211586,120.0290276,60.14545455,55.12,1.091172978,48.28181818,44.25,0.916494069
03-Well-C1,3,C1,,1859,1212,4,1,15.49,13.18,0.03,0.01,,120,60,120,10,110,110,120.0129116,91.95751138,133.3333333,0.036363636,0.03,1.212121212,0.009090909,0.01,1.1
03-Well-C2,3,C2,,3239,1785,26,9,26.98,23.63,0.22,0.07,,120,60,120,10,110,110,120.0518903,75.53956835,118.1818182,0.236363636,0.22,1.074380165,0.081818182,0.07,0.855555556
03-Well-C3,3,C3,,1302,1069,11,2,10.83,11.34,0.09,0.02,,120,60,120,10,110,110,120.2216066,94.2680776,122.2222222,0.1,0.09,1.111111111,0.018181818,0.02,1.1
03-Well-C4,3,C4,,1776,1396,29,8,14.79,15.17,0.24,0.07,,120,60,120,10,110,110,120.0811359,92.02373105,120.8333333,0.263636364,0.24,1.098484848,0.072727273,0.07,0.9625
03-Well-C5,3,C5,,13166,9222,285,107,109.58,100.14,2.37,0.89,,120,60,120,10,110,110,120.1496623,92.0910725,120.2531646,2.590909091,2.37,1.093210587,0.972727273,0.89,0.914953271
03-Well-C6,3,C6,,90774,62649,1452,1169,756.04,680.98,12.09,9.74,,120,60,120,10,110,110,120.0650759,91.99829657,120.0992556,13.2,12.09,1.091811414,10.62727273,9.74,0.916509837
03-Well-C7,3,C7,,183004,137591,27770,17456,1524.95,1496.53,231.4,145.46,,120,60,120,10,110,110,120.0065576,91.94002125,120.008643,252.4545455,231.4,1.090987664,158.6909091,145.46,0.916624656
03-Well-C8,3,C8,,192895,142147,35260,34082,1607,1545.62,293.75,283.94,,120,60,120,10,110,110,120.0342253,91.96762464,120.0340426,320.5454545,293.75,1.091218569,309.8363636,283.94,0.916419224
03-Well-C9,3,C9,,437592,332458,57333,59586,3646.29,3615.89,477.73,496.51,Use Sym-SSC Sym-SSC Events/μL(V),120,60,120,10,110,110,120.0102022,91.94361554,120.0113035,521.2090909,477.73,1.09101185,541.6909091,496.51,0.916592824
03-Well-C10,3,C10,,274759,202626,53799,49163,2288.68,2202.82,448.13,409.52,,120,60,120,10,110,110,120.0512959,91.98481946,120.052217,489.0818182,448.13,1.091383791,446.9363636,409.52,0.91628257
03-Well-C11,3,C11,,284958,144016,4709,4152,2374.43,2038.32,39.24,34.6,,120,60,120,10,110,110,120.0111185,70.6542643,120.0050968,42.80909091,39.24,1.090955426,37.74545455,34.6,0.916666667
03-Well-C12,3,C12,,252438,126245,4298,3887,2103.32,1865.85,35.81,32.39,,120,60,120,10,110,110,120.0188274,67.66085162,120.0223401,39.07272727,35.81,1.091112183,35.33636364,32.39,0.916619501
03-Well-D1,3,D1,,6686,1724,140,78,55.65,18.35,1.17,0.65,,120,60,120,10,110,110,120.1437556,93.95095368,119.6581197,1.272727273,1.17,1.087801088,0.709090909,0.65,0.916666667
03-Well-D2,3,D2,,3707,770,164,135,30.89,29.66,1.37,1.12,,120,60,120,10,110,110,120.0064746,25.96089009,119.7080292,1.490909091,1.37,1.088254811,1.227272727,1.12,0.912592593
03-Well-D3,3,D3,,13122,9100,850,559,109.27,108.55,7.08,4.66,,120,60,120,10,110,110,120.0878558,83.83233533,120.0564972,7.727272727,7.08,1.091422702,5.081818182,4.66,0.916994633
03-Well-D4,3,D4,,4524,3383,335,228,37.69,36.62,2.79,1.9,,120,60,120,10,110,110,120.0318387,92.38121245,120.0716846,3.045454545,2.79,1.091560769,2.072727273,1.9,0.916666667
03-Well-D5,3,D5,,4537,3044,64,44,37.79,33.09,0.53,0.37,,120,60,120,10,110,110,120.0582165,91.99153823,120.754717,0.581818182,0.53,1.097770154,0.4,0.37,0.925
03-Well-D6,3,D6,,28148,6398,521,411,234.52,220.18,4.34,3.42,,120,60,120,10,110,110,120.0238786,29.05804342,120.0460829,4.736363636,4.34,1.091328027,3.736363636,3.42,0.915328467
03-Well-D7,3,D7,,151344,118547,32886,32003,1260.3,1253.04,273.85,266.5,,120,60,120,10,110,110,120.0856939,94.60751452,120.0876392,298.9636364,273.85,1.091705811,290.9363636,266.5,0.916007874
03-Well-D8,3,D8,,328964,248037,88034,62809,2740.63,2697.06,733.42,523.27,,120,60,120,10,110,110,120.0322554,91.96569598,120.032178,800.3090909,733.42,1.091201618,570.9909091,523.27,0.916424398
03-Well-D9,3,D9,,629869,116958,17061,15452,5248.32,4446.98,142.16,128.75,,120,60,120,10,110,110,120.0134519,26.30054554,120.0126618,155.1,142.16,1.091024198,140.4727273,128.75,0.91654802
03-Well-D10,3,D10,,560090,316479,48000,41727,4666.3,4427.05,399.9,347.64,,120,60,120,10,110,110,120.0287165,71.48755944,120.0300075,436.3636364,399.9,1.091181886,379.3363636,347.64,0.916442591
03-Well-D11,3,D11,,97201,68648,1571,1182,809.94,737.2,13.09,9.85,,120,60,120,10,110,110,120.0101242,93.11991319,120.0152788,14.28181818,13.09,1.091047989,10.74545455,9.85,0.916666667
03-Well-D12,3,D12,,86055,55146,3804,3281,716.84,599.53,31.69,27.33,,120,60,120,10,110,110,120.0477094,91.98205261,120.0378668,34.58181818,31.69,1.091253335,29.82727273,27.33,0.916275526
03-Well-E1,3,E1,,6773,4750,253,151,56.4,51.62,2.11,1.26,,120,60,120,10,110,110,120.0886525,92.01859744,119.9052133,2.3,2.11,1.090047393,1.372727273,1.26,0.917880795
03-Well-E2,3,E2,,1143,758,16,10,9.49,8.21,0.13,0.08,,120,60,120,10,110,110,120.4425711,92.32643118,123.0769231,0.145454545,0.13,1.118881119,0.090909091,0.08,0.88
03-Well-E3,3,E3,,9057,6444,374,236,75.44,70.05,3.12,1.97,,120,60,120,10,110,110,120.0556734,91.99143469,119.8717949,3.4,3.12,1.08974359,2.145454545,1.97,0.918220339
03-Well-E4,3,E4,,3926,2787,549,425,32.69,30.28,4.57,3.54,,120,60,120,10,110,110,120.0978893,92.04095112,120.131291,4.990909091,4.57,1.092102646,3.863636364,3.54,0.916235294
03-Well-E5,3,E5,,1638,1029,37,30,13.65,11.19,0.31,0.25,,120,60,120,10,110,110,120,91.95710456,119.3548387,0.336363636,0.31,1.085043988,0.272727273,0.25,0.916666667
03-Well-E6,3,E6,,4272,1976,82,57,35.59,38.8,0.68,0.47,,120,60,120,10,110,110,120.0337173,50.92783505,120.5882353,0.745454545,0.68,1.096256684,0.518181818,0.47,0.907017544
03-Well-E7,3,E7,,682963,387672,97313,73236,5690.62,5330.87,810.84,610.22,,120,60,120,10,110,110,120.0155695,72.72208851,120.0150461,884.6636364,810.84,1.091045874,665.7818182,610.22,0.916546507
03-Well-E8,3,E8,,252500,69231,8646,7705,2104.12,2361.23,72.05,64.21,,120,60,120,10,110,110,120.0026614,29.31988836,120,78.6,72.05,1.090909091,70.04545455,64.21,0.916690461
03-Well-E9,3,E9,,332693,248156,34814,29826,2771.8,2698.49,290.05,248.49,,120,60,120,10,110,110,120.0277798,91.9610597,120.0275815,316.4909091,290.05,1.091159831,271.1454545,248.49,0.916445383
03-Well-E10,3,E10,,505940,280678,48035,43778,4214.92,3748.27,400.17,364.71,,120,60,120,10,110,110,120.035493,74.88201223,120.0364845,436.6818182,400.17,1.091240768,397.9818182,364.71,0.916398648
03-Well-E11,3,E11,,233178,169313,5230,4319,1942.5,1812.5,43.57,35.98,,120,60,120,10,110,110,120.0401544,93.41406897,120.0367225,47.54545455,43.57,1.091242932,39.26363636,35.98,0.91636953
03-Well-E12,3,E12,,87921,65220,203,144,732.48,709.17,1.69,1.2,,120,60,120,10,110,110,120.0319463,91.96666526,120.1183432,1.845454545,1.69,1.091984938,1.309090909,1.2,0.916666667
03-Well-F1,3,F1,,56795,40516,12335,11879,473.15,440.54,102.76,98.96,,120,60,120,10,110,110,120.0359294,91.9689472,120.0369794,112.1363636,102.76,1.091245267,107.9909091,98.96,0.916373432
03-Well-F2,3,F2,,868289,495844,110262,107475,7234.27,6988.02,918.66,895.44,,120,60,120,10,110,110,120.0244116,70.95629377,120.0248188,1002.381818,918.66,1.091134716,977.0454545,895.44,0.91647732
03-Well-F3,3,F3,,420907,313805,39804,37061,3506.28,3411.78,331.58,308.73,Use Sym-SSC Sym-SSC Events/μL(V),120,60,120,10,110,110,120.0437501,91.97691528,120.0434284,361.8545455,331.58,1.091303895,336.9181818,308.73,0.916335231
03-Well-F4,3,F4,,1371065,291176,14428,13600,11425.47,11588.05,120.23,113.33,,120,60,120,10,110,110,120.0007527,25.12726473,120.003327,131.1636364,120.23,1.090939336,123.6363636,113.33,0.916639706
03-Well-F5,3,F5,,13729,9632,108,98,114.32,104.66,0.9,0.82,,120,60,120,10,110,110,120.0927222,92.03133958,120,0.981818182,0.9,1.090909091,0.890909091,0.82,0.920408163
03-Well-F6,3,F6,,7156,3791,49,34,59.63,41.23,0.41,0.28,,120,60,120,10,110,110,120.006708,91.94761096,119.5121951,0.445454545,0.41,1.086474501,0.309090909,0.28,0.905882353
03-Well-F7,3,F7,,69979,48623,1856,1681,582.7,528.35,15.45,14,,120,60,120,10,110,110,120.0943882,92.02801173,120.1294498,16.87272727,15.45,1.092085908,15.28181818,14,0.916121356
03-Well-F8,3,F8,,100,37,2,2,0.83,0.4,0.02,0.02,,120,60,120,10,110,110,120.4819277,92.5,100,0.018181818,0.02,0.909090909,0.018181818,0.02,1.1
03-Well-F9,3,F9,,60,40,0,0,0.5,0.43,0,0,,120,60,120,10,110,110,120,93.02325581,#DIV/0!,0,0,#DIV/0!,0,0,#DIV/0!
03-Well-F10,3,F10,,49,30,1,1,0.41,0.33,0.01,0.01,,120,60,120,10,110,110,119.5121951,90.90909091,100,0.009090909,0.01,0.909090909,0.009090909,0.01,1.1
